const unsigned char g_model[] = {
  0x20, 0x00, 0x00, 0x00, 0x54, 0x46, 0x4c, 0x33, 0x00, 0x00, 0x00, 0x00, 
  0x14, 0x00, 0x20, 0x00, 0x1c, 0x00, 0x18, 0x00, 0x14, 0x00, 0x10, 0x00, 
  0x0c, 0x00, 0x00, 0x00, 0x08, 0x00, 0x04, 0x00, 0x14, 0x00, 0x00, 0x00, 
  0x1c, 0x00, 0x00, 0x00, 0xa0, 0x00, 0x00, 0x00, 0xf8, 0x00, 0x00, 0x00, 
  0xc4, 0x41, 0x00, 0x00, 0xd4, 0x41, 0x00, 0x00, 0xe4, 0x49, 0x00, 0x00, 
  0x03, 0x00, 0x00, 0x00, 0x01, 0x00, 0x00, 0x00, 0x10, 0x00, 0x00, 0x00, 
  0x00, 0x00, 0x0a, 0x00, 0x10, 0x00, 0x0c, 0x00, 0x08, 0x00, 0x04, 0x00, 
  0x0a, 0x00, 0x00, 0x00, 0x0c, 0x00, 0x00, 0x00, 0x1c, 0x00, 0x00, 0x00, 
  0x48, 0x00, 0x00, 0x00, 0x0f, 0x00, 0x00, 0x00, 0x73, 0x65, 0x72, 0x76, 
  0x69, 0x6e, 0x67, 0x5f, 0x64, 0x65, 0x66, 0x61, 0x75, 0x6c, 0x74, 0x00, 
  0x01, 0x00, 0x00, 0x00, 0x04, 0x00, 0x00, 0x00, 0x88, 0xff, 0xff, 0xff, 
  0x09, 0x00, 0x00, 0x00, 0x04, 0x00, 0x00, 0x00, 0x14, 0x00, 0x00, 0x00, 
  0x71, 0x75, 0x61, 0x6e, 0x74, 0x5f, 0x72, 0x65, 0x63, 0x6f, 0x6e, 0x73, 
  0x74, 0x72, 0x75, 0x63, 0x74, 0x69, 0x6f, 0x6e, 0x00, 0x00, 0x00, 0x00, 
  0x01, 0x00, 0x00, 0x00, 0x04, 0x00, 0x00, 0x00, 0x56, 0xe4, 0xff, 0xff, 
  0x04, 0x00, 0x00, 0x00, 0x08, 0x00, 0x00, 0x00, 0x69, 0x6e, 0x70, 0x75, 
  0x74, 0x5f, 0x31, 0x30, 0x00, 0x00, 0x00, 0x00, 0x02, 0x00, 0x00, 0x00, 
  0x34, 0x00, 0x00, 0x00, 0x04, 0x00, 0x00, 0x00, 0xdc, 0xff, 0xff, 0xff, 
  0x0c, 0x00, 0x00, 0x00, 0x04, 0x00, 0x00, 0x00, 0x13, 0x00, 0x00, 0x00, 
  0x43, 0x4f, 0x4e, 0x56, 0x45, 0x52, 0x53, 0x49, 0x4f, 0x4e, 0x5f, 0x4d, 
  0x45, 0x54, 0x41, 0x44, 0x41, 0x54, 0x41, 0x00, 0x08, 0x00, 0x0c, 0x00, 
  0x08, 0x00, 0x04, 0x00, 0x08, 0x00, 0x00, 0x00, 0x0b, 0x00, 0x00, 0x00, 
  0x04, 0x00, 0x00, 0x00, 0x13, 0x00, 0x00, 0x00, 0x6d, 0x69, 0x6e, 0x5f, 
  0x72, 0x75, 0x6e, 0x74, 0x69, 0x6d, 0x65, 0x5f, 0x76, 0x65, 0x72, 0x73, 
  0x69, 0x6f, 0x6e, 0x00, 0x0d, 0x00, 0x00, 0x00, 0xc8, 0x40, 0x00, 0x00, 
  0xc0, 0x40, 0x00, 0x00, 0x30, 0x1b, 0x00, 0x00, 0x98, 0x1a, 0x00, 0x00, 
  0x90, 0x1a, 0x00, 0x00, 0x80, 0x18, 0x00, 0x00, 0x30, 0x18, 0x00, 0x00, 
  0x28, 0x18, 0x00, 0x00, 0x58, 0x05, 0x00, 0x00, 0x98, 0x00, 0x00, 0x00, 
  0x90, 0x00, 0x00, 0x00, 0x70, 0x00, 0x00, 0x00, 0x04, 0x00, 0x00, 0x00, 
  0x02, 0xe5, 0xff, 0xff, 0x04, 0x00, 0x00, 0x00, 0x5c, 0x00, 0x00, 0x00, 
  0x0c, 0x00, 0x00, 0x00, 0x08, 0x00, 0x0e, 0x00, 0x08, 0x00, 0x04, 0x00, 
  0x08, 0x00, 0x00, 0x00, 0x10, 0x00, 0x00, 0x00, 0x2c, 0x00, 0x00, 0x00, 
  0x00, 0x00, 0x06, 0x00, 0x08, 0x00, 0x04, 0x00, 0x06, 0x00, 0x00, 0x00, 
  0x04, 0x00, 0x00, 0x00, 0x02, 0x00, 0x00, 0x00, 0xeb, 0x03, 0x00, 0x00, 
  0xd0, 0x07, 0x00, 0x00, 0x00, 0x00, 0x0a, 0x00, 0x10, 0x00, 0x0c, 0x00, 
  0x08, 0x00, 0x04, 0x00, 0x0a, 0x00, 0x00, 0x00, 0x02, 0x00, 0x00, 0x00, 
  0x02, 0x00, 0x00, 0x00, 0x04, 0x00, 0x00, 0x00, 0x06, 0x00, 0x00, 0x00, 
  0x32, 0x2e, 0x31, 0x34, 0x2e, 0x31, 0x00, 0x00, 0x6a, 0xe5, 0xff, 0xff, 
  0x04, 0x00, 0x00, 0x00, 0x10, 0x00, 0x00, 0x00, 0x31, 0x2e, 0x31, 0x34, 
  0x2e, 0x30, 0x00, 0x00, 0x00, 0x00, 0x00, 0x00, 0x00, 0x00, 0x00, 0x00, 
  0x78, 0xbf, 0xff, 0xff, 0x8a, 0xe5, 0xff, 0xff, 0x04, 0x00, 0x00, 0x00, 
  0xb0, 0x04, 0x00, 0x00, 0x7f, 0x00, 0x00, 0x00, 0x85, 0xff, 0xff, 0xff, 
  0xe5, 0xff, 0xff, 0xff, 0x4d, 0x00, 0x00, 0x00, 0x78, 0xff, 0xff, 0xff, 
  0x9f, 0x00, 0x00, 0x00, 0x30, 0x00, 0x00, 0x00, 0x88, 0xff, 0xff, 0xff, 
  0x5a, 0x00, 0x00, 0x00, 0x65, 0x00, 0x00, 0x00, 0xec, 0xff, 0xff, 0xff, 
  0x62, 0x00, 0x00, 0x00, 0x8c, 0x00, 0x00, 0x00, 0xa9, 0xff, 0xff, 0xff, 
  0x8d, 0x00, 0x00, 0x00, 0x76, 0x00, 0x00, 0x00, 0x9b, 0xff, 0xff, 0xff, 
  0xff, 0xff, 0xff, 0xff, 0x4f, 0x00, 0x00, 0x00, 0xae, 0xff, 0xff, 0xff, 
  0x37, 0x00, 0x00, 0x00, 0x65, 0x00, 0x00, 0x00, 0x90, 0xff, 0xff, 0xff, 
  0xa8, 0x00, 0x00, 0x00, 0x3b, 0x00, 0x00, 0x00, 0xbd, 0xff, 0xff, 0xff, 
  0x91, 0x00, 0x00, 0x00, 0x4e, 0x00, 0x00, 0x00, 0x6e, 0xff, 0xff, 0xff, 
  0x94, 0x00, 0x00, 0x00, 0x21, 0x00, 0x00, 0x00, 0x6e, 0xff, 0xff, 0xff, 
  0x04, 0x00, 0x00, 0x00, 0x71, 0x00, 0x00, 0x00, 0x5f, 0xff, 0xff, 0xff, 
  0x33, 0x00, 0x00, 0x00, 0x91, 0x00, 0x00, 0x00, 0x86, 0xff, 0xff, 0xff, 
  0x94, 0x00, 0x00, 0x00, 0x7b, 0x00, 0x00, 0x00, 0x92, 0xff, 0xff, 0xff, 
  0x62, 0x00, 0x00, 0x00, 0xb7, 0x00, 0x00, 0x00, 0x7e, 0xff, 0xff, 0xff, 
  0x43, 0x00, 0x00, 0x00, 0xc0, 0x00, 0x00, 0x00, 0x6e, 0xff, 0xff, 0xff, 
  0x30, 0x00, 0x00, 0x00, 0x6b, 0x00, 0x00, 0x00, 0x89, 0xff, 0xff, 0xff, 
  0xf7, 0xff, 0xff, 0xff, 0x3d, 0x00, 0x00, 0x00, 0x9e, 0xff, 0xff, 0xff, 
  0xf8, 0xff, 0xff, 0xff, 0x88, 0x00, 0x00, 0x00, 0x58, 0xff, 0xff, 0xff, 
  0x0c, 0x00, 0x00, 0x00, 0x5a, 0x00, 0x00, 0x00, 0x6b, 0xff, 0xff, 0xff, 
  0x82, 0x00, 0x00, 0x00, 0x1c, 0x00, 0x00, 0x00, 0xa9, 0xff, 0xff, 0xff, 
  0x4c, 0x00, 0x00, 0x00, 0x33, 0x00, 0x00, 0x00, 0x54, 0xff, 0xff, 0xff, 
  0x20, 0x00, 0x00, 0x00, 0x5b, 0x00, 0x00, 0x00, 0x79, 0xff, 0xff, 0xff, 
  0xb1, 0x00, 0x00, 0x00, 0x75, 0x00, 0x00, 0x00, 0x39, 0xff, 0xff, 0xff, 
  0x34, 0x00, 0x00, 0x00, 0xf2, 0x00, 0x00, 0x00, 0x59, 0xff, 0xff, 0xff, 
  0x81, 0x00, 0x00, 0x00, 0x2b, 0x00, 0x00, 0x00, 0x7a, 0xff, 0xff, 0xff, 
  0x21, 0x00, 0x00, 0x00, 0x5a, 0x00, 0x00, 0x00, 0x61, 0xff, 0xff, 0xff, 
  0x3f, 0x00, 0x00, 0x00, 0x46, 0x00, 0x00, 0x00, 0x9e, 0xff, 0xff, 0xff, 
  0x74, 0x00, 0x00, 0x00, 0x00, 0x00, 0x00, 0x00, 0x8d, 0xff, 0xff, 0xff, 
  0x43, 0x00, 0x00, 0x00, 0x1a, 0x00, 0x00, 0x00, 0xb7, 0xff, 0xff, 0xff, 
  0x67, 0x00, 0x00, 0x00, 0x40, 0x00, 0x00, 0x00, 0x66, 0xff, 0xff, 0xff, 
  0x5a, 0x00, 0x00, 0x00, 0x91, 0x00, 0x00, 0x00, 0xb8, 0xff, 0xff, 0xff, 
  0x67, 0x00, 0x00, 0x00, 0x44, 0x00, 0x00, 0x00, 0x94, 0xff, 0xff, 0xff, 
  0x72, 0x00, 0x00, 0x00, 0x63, 0x00, 0x00, 0x00, 0x77, 0xff, 0xff, 0xff, 
  0x51, 0x00, 0x00, 0x00, 0x48, 0x00, 0x00, 0x00, 0x74, 0xff, 0xff, 0xff, 
  0x8d, 0x00, 0x00, 0x00, 0x3f, 0x00, 0x00, 0x00, 0x9b, 0xff, 0xff, 0xff, 
  0xb3, 0x00, 0x00, 0x00, 0xd5, 0x00, 0x00, 0x00, 0x79, 0xff, 0xff, 0xff, 
  0x4d, 0x00, 0x00, 0x00, 0x52, 0x00, 0x00, 0x00, 0x92, 0xff, 0xff, 0xff, 
  0xe8, 0x00, 0x00, 0x00, 0x13, 0x00, 0x00, 0x00, 0x75, 0xff, 0xff, 0xff, 
  0x57, 0x00, 0x00, 0x00, 0x93, 0x00, 0x00, 0x00, 0x9a, 0xff, 0xff, 0xff, 
  0x8b, 0x00, 0x00, 0x00, 0xc2, 0x00, 0x00, 0x00, 0x83, 0xff, 0xff, 0xff, 
  0xa7, 0x00, 0x00, 0x00, 0x46, 0x00, 0x00, 0x00, 0x74, 0xff, 0xff, 0xff, 
  0x6f, 0x00, 0x00, 0x00, 0x65, 0x00, 0x00, 0x00, 0xbb, 0xff, 0xff, 0xff, 
  0x59, 0x00, 0x00, 0x00, 0x32, 0x00, 0x00, 0x00, 0x8a, 0xff, 0xff, 0xff, 
  0x8d, 0x00, 0x00, 0x00, 0x55, 0x00, 0x00, 0x00, 0x93, 0xff, 0xff, 0xff, 
  0x75, 0x00, 0x00, 0x00, 0x72, 0x00, 0x00, 0x00, 0x74, 0xff, 0xff, 0xff, 
  0x91, 0x00, 0x00, 0x00, 0x18, 0x00, 0x00, 0x00, 0x63, 0xff, 0xff, 0xff, 
  0x96, 0x00, 0x00, 0x00, 0x30, 0x00, 0x00, 0x00, 0x95, 0xff, 0xff, 0xff, 
  0x51, 0x00, 0x00, 0x00, 0x95, 0x00, 0x00, 0x00, 0x93, 0xff, 0xff, 0xff, 
  0xbe, 0x00, 0x00, 0x00, 0x78, 0x00, 0x00, 0x00, 0x87, 0xff, 0xff, 0xff, 
  0x4d, 0x00, 0x00, 0x00, 0x42, 0x00, 0x00, 0x00, 0x8b, 0xff, 0xff, 0xff, 
  0x79, 0x00, 0x00, 0x00, 0x41, 0x00, 0x00, 0x00, 0x78, 0xff, 0xff, 0xff, 
  0x52, 0x00, 0x00, 0x00, 0x39, 0x00, 0x00, 0x00, 0xa0, 0xff, 0xff, 0xff, 
  0x6f, 0x00, 0x00, 0x00, 0x5a, 0x00, 0x00, 0x00, 0x9d, 0xff, 0xff, 0xff, 
  0x75, 0x00, 0x00, 0x00, 0x37, 0x00, 0x00, 0x00, 0x43, 0xff, 0xff, 0xff, 
  0x4a, 0x00, 0x00, 0x00, 0x0f, 0x00, 0x00, 0x00, 0x82, 0xff, 0xff, 0xff, 
  0x86, 0x00, 0x00, 0x00, 0x7e, 0x00, 0x00, 0x00, 0x90, 0xff, 0xff, 0xff, 
  0x59, 0x00, 0x00, 0x00, 0x50, 0x00, 0x00, 0x00, 0x7a, 0xff, 0xff, 0xff, 
  0x2a, 0x00, 0x00, 0x00, 0x54, 0x00, 0x00, 0x00, 0x73, 0xff, 0xff, 0xff, 
  0x9f, 0x00, 0x00, 0x00, 0x2e, 0x00, 0x00, 0x00, 0x87, 0xff, 0xff, 0xff, 
  0x29, 0x00, 0x00, 0x00, 0x34, 0x00, 0x00, 0x00, 0x77, 0xff, 0xff, 0xff, 
  0x53, 0x00, 0x00, 0x00, 0x9b, 0x00, 0x00, 0x00, 0x81, 0xff, 0xff, 0xff, 
  0x64, 0x00, 0x00, 0x00, 0xcc, 0xff, 0xff, 0xff, 0xa2, 0xff, 0xff, 0xff, 
  0x70, 0x00, 0x00, 0x00, 0x7a, 0x00, 0x00, 0x00, 0x84, 0xff, 0xff, 0xff, 
  0xa9, 0x00, 0x00, 0x00, 0x33, 0x00, 0x00, 0x00, 0x98, 0xff, 0xff, 0xff, 
  0x6c, 0x00, 0x00, 0x00, 0xe2, 0xff, 0xff, 0xff, 0x83, 0xff, 0xff, 0xff, 
  0x49, 0x00, 0x00, 0x00, 0x61, 0x00, 0x00, 0x00, 0xa4, 0xff, 0xff, 0xff, 
  0xab, 0x00, 0x00, 0x00, 0x76, 0x00, 0x00, 0x00, 0x50, 0xff, 0xff, 0xff, 
  0x99, 0x00, 0x00, 0x00, 0x39, 0x00, 0x00, 0x00, 0x55, 0xff, 0xff, 0xff, 
  0x45, 0x00, 0x00, 0x00, 0x53, 0x00, 0x00, 0x00, 0x82, 0xff, 0xff, 0xff, 
  0x4a, 0x00, 0x00, 0x00, 0x30, 0x00, 0x00, 0x00, 0x80, 0xff, 0xff, 0xff, 
  0x72, 0x00, 0x00, 0x00, 0x11, 0x00, 0x00, 0x00, 0x5b, 0xff, 0xff, 0xff, 
  0x79, 0x00, 0x00, 0x00, 0x43, 0x00, 0x00, 0x00, 0x35, 0xff, 0xff, 0xff, 
  0x47, 0x00, 0x00, 0x00, 0x8a, 0x00, 0x00, 0x00, 0xaf, 0xff, 0xff, 0xff, 
  0x4d, 0x00, 0x00, 0x00, 0x0e, 0x00, 0x00, 0x00, 0x83, 0xff, 0xff, 0xff, 
  0x4d, 0x00, 0x00, 0x00, 0xf7, 0xff, 0xff, 0xff, 0xbf, 0xff, 0xff, 0xff, 
  0x60, 0x00, 0x00, 0x00, 0x9b, 0x00, 0x00, 0x00, 0x7a, 0xff, 0xff, 0xff, 
  0x7c, 0x00, 0x00, 0x00, 0x4b, 0x00, 0x00, 0x00, 0x7d, 0xff, 0xff, 0xff, 
  0x4e, 0x00, 0x00, 0x00, 0x36, 0x00, 0x00, 0x00, 0x9a, 0xff, 0xff, 0xff, 
  0x6d, 0x00, 0x00, 0x00, 0x59, 0x00, 0x00, 0x00, 0x6d, 0xff, 0xff, 0xff, 
  0x42, 0x00, 0x00, 0x00, 0x82, 0x00, 0x00, 0x00, 0x7c, 0xff, 0xff, 0xff, 
  0x48, 0x00, 0x00, 0x00, 0xc3, 0x00, 0x00, 0x00, 0x83, 0xff, 0xff, 0xff, 
  0x55, 0x00, 0x00, 0x00, 0x78, 0x00, 0x00, 0x00, 0x7e, 0xff, 0xff, 0xff, 
  0x73, 0x00, 0x00, 0x00, 0x3b, 0x00, 0x00, 0x00, 0x9c, 0xff, 0xff, 0xff, 
  0x7f, 0x00, 0x00, 0x00, 0x5e, 0x00, 0x00, 0x00, 0x9e, 0xff, 0xff, 0xff, 
  0x4e, 0x00, 0x00, 0x00, 0x71, 0x00, 0x00, 0x00, 0xc6, 0xff, 0xff, 0xff, 
  0xe4, 0xff, 0xff, 0xff, 0x32, 0x00, 0x00, 0x00, 0x84, 0xff, 0xff, 0xff, 
  0xd7, 0x00, 0x00, 0x00, 0x44, 0x00, 0x00, 0x00, 0x92, 0xff, 0xff, 0xff, 
  0x9d, 0x00, 0x00, 0x00, 0x3d, 0x00, 0x00, 0x00, 0x6b, 0xff, 0xff, 0xff, 
  0x9b, 0x00, 0x00, 0x00, 0x56, 0x00, 0x00, 0x00, 0x4c, 0xff, 0xff, 0xff, 
  0x07, 0x00, 0x00, 0x00, 0x39, 0x00, 0x00, 0x00, 0x61, 0xff, 0xff, 0xff, 
  0x75, 0x00, 0x00, 0x00, 0xb1, 0x00, 0x00, 0x00, 0x3b, 0xff, 0xff, 0xff, 
  0x64, 0x00, 0x00, 0x00, 0x6d, 0x00, 0x00, 0x00, 0xce, 0xff, 0xff, 0xff, 
  0x5e, 0x00, 0x00, 0x00, 0x49, 0x00, 0x00, 0x00, 0x4f, 0xff, 0xff, 0xff, 
  0xaa, 0x00, 0x00, 0x00, 0x62, 0x00, 0x00, 0x00, 0x97, 0xff, 0xff, 0xff, 
  0x14, 0x00, 0x00, 0x00, 0x62, 0x00, 0x00, 0x00, 0x84, 0xff, 0xff, 0xff, 
  0x57, 0x00, 0x00, 0x00, 0x38, 0x00, 0x00, 0x00, 0x75, 0xff, 0xff, 0xff, 
  0x2a, 0x00, 0x00, 0x00, 0x4f, 0x00, 0x00, 0x00, 0x8f, 0xff, 0xff, 0xff, 
  0x36, 0x00, 0x00, 0x00, 0x37, 0x00, 0x00, 0x00, 0x8e, 0xff, 0xff, 0xff, 
  0x2b, 0x00, 0x00, 0x00, 0x5b, 0x00, 0x00, 0x00, 0xab, 0xff, 0xff, 0xff, 
  0x9f, 0x00, 0x00, 0x00, 0x46, 0xea, 0xff, 0xff, 0x04, 0x00, 0x00, 0x00, 
  0xc0, 0x12, 0x00, 0x00, 0x29, 0xfe, 0x38, 0xef, 0x06, 0xf7, 0xf9, 0xdb, 
  0xc2, 0x10, 0xd5, 0x19, 0xf5, 0xc9, 0x17, 0x32, 0xef, 0x19, 0xd2, 0xe8, 
  0xe7, 0x0a, 0x1b, 0x36, 0xe1, 0x17, 0xe8, 0xe2, 0xb1, 0xe1, 0x3d, 0xc7, 
  0x22, 0x2c, 0xe5, 0xe6, 0x1c, 0xe5, 0x00, 0x0b, 0x09, 0xf8, 0x47, 0x38, 
  0x48, 0x02, 0x1c, 0xa7, 0x23, 0x00, 0x2b, 0xe5, 0xcd, 0x1a, 0xc9, 0x34, 
  0xe2, 0x43, 0xd2, 0x39, 0xdf, 0x3a, 0x16, 0x0d, 0xdd, 0x0c, 0xb5, 0xfa, 
  0xb2, 0xfd, 0x0d, 0x36, 0xe9, 0x23, 0xdf, 0x10, 0xed, 0xd1, 0x25, 0xb2, 
  0xea, 0x2a, 0x15, 0x19, 0xd2, 0x16, 0xd7, 0x25, 0xf5, 0x0e, 0x51, 0x1b, 
  0x3e, 0xc9, 0x11, 0xa3, 0x2e, 0xf2, 0xf2, 0xb6, 0x19, 0xec, 0x27, 0xdc, 
  0x01, 0x2b, 0xd5, 0x2a, 0x1f, 0x1b, 0x1c, 0x1b, 0xcf, 0x06, 0xc8, 0x17, 
  0xf5, 0xbb, 0xfe, 0xe3, 0xaf, 0xda, 0xe3, 0xf5, 0x18, 0xfb, 0x1d, 0xec, 
  0x06, 0x5e, 0xf4, 0x01, 0xee, 0x20, 0xe7, 0x01, 0x28, 0xcf, 0x4a, 0x48, 
  0xfa, 0xca, 0x27, 0xa2, 0x0e, 0x29, 0xdb, 0x16, 0xde, 0x07, 0xdf, 0xfa, 
  0x2f, 0x1d, 0xc8, 0xe3, 0x0a, 0x35, 0x29, 0x27, 0xf2, 0x01, 0xf4, 0xda, 
  0xfc, 0xc2, 0xd1, 0x39, 0xdd, 0xcf, 0xd7, 0xd5, 0x1a, 0xc7, 0x16, 0xfb, 
  0x16, 0x0c, 0x05, 0x1d, 0x1c, 0xfc, 0xf2, 0x1c, 0xe2, 0xe9, 0x50, 0x30, 
  0x19, 0x31, 0x39, 0xa4, 0x0f, 0x0c, 0x35, 0x23, 0xe0, 0xf0, 0xf8, 0xf1, 
  0xa7, 0x1e, 0xd3, 0x1f, 0xf4, 0xe3, 0x0e, 0x36, 0xc4, 0x1d, 0xd2, 0x0f, 
  0xc8, 0xfe, 0x2d, 0x02, 0xf8, 0xdd, 0xdb, 0xd6, 0xe9, 0x04, 0x2c, 0xe1, 
  0xfe, 0x5f, 0x20, 0xf7, 0xdb, 0x41, 0xfb, 0xe4, 0x19, 0x06, 0x40, 0x02, 
  0x10, 0x3b, 0x11, 0xa7, 0x18, 0x1a, 0x35, 0xf3, 0xf2, 0xdf, 0x26, 0xe2, 
  0xd0, 0xf4, 0xbc, 0x0d, 0x35, 0xe6, 0xf2, 0x53, 0xf7, 0x14, 0x10, 0xdb, 
  0xca, 0xd2, 0xcb, 0x14, 0xf5, 0xd0, 0xee, 0xe0, 0xfb, 0x16, 0x0e, 0xe9, 
  0xde, 0x2c, 0x11, 0x24, 0x1a, 0xfc, 0x28, 0xf9, 0xbe, 0xf4, 0x54, 0xfa, 
  0x56, 0x01, 0x12, 0xc5, 0xfb, 0xee, 0xe6, 0x19, 0xd4, 0xe8, 0x02, 0x20, 
  0xd5, 0x44, 0xe0, 0x44, 0x12, 0x34, 0x1f, 0x0e, 0xec, 0xd8, 0x16, 0xd8, 
  0xed, 0xd3, 0x00, 0xcf, 0xc4, 0xdc, 0xd9, 0xe7, 0x12, 0xcf, 0x18, 0xf4, 
  0xf4, 0x4a, 0x2a, 0xd6, 0x16, 0x21, 0x27, 0x3b, 0x00, 0xda, 0x47, 0xf8, 
  0x4c, 0x18, 0x03, 0xc6, 0x2a, 0xef, 0x0a, 0x1f, 0xfd, 0xe9, 0xdd, 0x12, 
  0xe7, 0x24, 0xdc, 0xf7, 0xf5, 0x1e, 0x36, 0x27, 0xf1, 0xda, 0xf3, 0xee, 
  0x05, 0xe1, 0xff, 0xe2, 0xba, 0x1f, 0xe4, 0xb8, 0xf1, 0xdd, 0x37, 0xdf, 
  0x26, 0x14, 0x1a, 0xfd, 0x0e, 0x10, 0x04, 0x1d, 0xe5, 0xf1, 0x3f, 0x47, 
  0x1d, 0xc7, 0x23, 0x97, 0x31, 0xe3, 0x33, 0xef, 0x17, 0xd5, 0xe2, 0x28, 
  0xb4, 0x01, 0xe1, 0x39, 0xfa, 0xe2, 0x1d, 0x33, 0xdf, 0x32, 0x11, 0x0d, 
  0xc3, 0xfe, 0xcf, 0x2c, 0xe5, 0xd1, 0xdd, 0xc5, 0xbc, 0x1a, 0x25, 0xf4, 
  0x0e, 0x01, 0x18, 0x03, 0x40, 0x04, 0x03, 0x35, 0xca, 0xeb, 0x56, 0x15, 
  0x2f, 0xd5, 0x31, 0xac, 0x1f, 0x09, 0x2b, 0xf6, 0xf0, 0xfd, 0xdf, 0xd5, 
  0xd6, 0x34, 0xe6, 0x04, 0xe7, 0x18, 0x1d, 0x28, 0xe6, 0x13, 0xfc, 0xf3, 
  0xae, 0x0c, 0xe8, 0xeb, 0xee, 0x1d, 0xff, 0xd7, 0xb4, 0xde, 0x2f, 0xc4, 
  0x08, 0x4d, 0xf9, 0x25, 0xdc, 0x15, 0xee, 0xf7, 0xfe, 0x18, 0x22, 0x08, 
  0x55, 0x15, 0x03, 0xa2, 0x26, 0xde, 0x15, 0xf7, 0xf9, 0xde, 0x35, 0x1c, 
  0xd7, 0x29, 0xdf, 0x23, 0x11, 0x09, 0x20, 0x23, 0xe8, 0x10, 0x0f, 0xbb, 
  0x04, 0xd6, 0x09, 0x04, 0xdd, 0xbd, 0xf7, 0xd1, 0x0a, 0xcc, 0x10, 0xfa, 
  0x0f, 0xec, 0x23, 0x27, 0xfc, 0x14, 0x24, 0x14, 0xe1, 0x00, 0x30, 0x14, 
  0x4b, 0xe2, 0x26, 0xa1, 0x22, 0x39, 0x1b, 0xc6, 0xf7, 0xff, 0x1b, 0xdb, 
  0x0a, 0x0b, 0xe2, 0x0e, 0xf1, 0x26, 0x0c, 0x33, 0xda, 0x25, 0xe8, 0xf8, 
  0xb3, 0xd9, 0x25, 0xd6, 0xe8, 0xc7, 0xd0, 0x0c, 0x09, 0x15, 0x07, 0xee, 
  0x03, 0x23, 0x11, 0x28, 0xe6, 0x21, 0xd8, 0x36, 0xf5, 0xeb, 0x1f, 0x31, 
  0x3c, 0x18, 0x18, 0xa2, 0x18, 0x00, 0x2c, 0xce, 0x11, 0xf5, 0x2a, 0x3c, 
  0xcf, 0x25, 0xf7, 0x14, 0xeb, 0x17, 0x1d, 0x2e, 0xfb, 0xf1, 0xe7, 0xda, 
  0x12, 0xb0, 0x02, 0xcb, 0xe0, 0xbc, 0x00, 0xe6, 0x0f, 0xde, 0x27, 0xe9, 
  0x26, 0x3b, 0x2b, 0x17, 0xeb, 0x26, 0x0f, 0xc6, 0x12, 0xe2, 0x11, 0xfb, 
  0x44, 0x2a, 0x0c, 0xae, 0x24, 0x34, 0xe6, 0x23, 0x0a, 0xe0, 0x0b, 0x1e, 
  0xec, 0x0b, 0xe4, 0x02, 0xd8, 0xc6, 0x34, 0x32, 0xd1, 0x4c, 0xc1, 0xf8, 
  0xc2, 0xf0, 0xc7, 0xc7, 0xfc, 0x14, 0xe7, 0xd4, 0xca, 0xe0, 0x23, 0xdb, 
  0x08, 0x1d, 0x2f, 0x27, 0xff, 0x1c, 0x04, 0x2b, 0xe4, 0xd2, 0x12, 0x12, 
  0x4c, 0x3c, 0x12, 0xbb, 0x16, 0x05, 0x13, 0xf0, 0xef, 0xe5, 0x05, 0xca, 
  0xe5, 0x40, 0xf0, 0xed, 0x1f, 0x02, 0x10, 0x2a, 0xc9, 0x3d, 0xef, 0xd4, 
  0xce, 0xfd, 0x11, 0x0b, 0xe6, 0xf1, 0x02, 0xf0, 0xc6, 0x3b, 0x19, 0xd9, 
  0x36, 0x3f, 0x09, 0xe9, 0x23, 0xf6, 0x39, 0x0a, 0x01, 0xb9, 0xfd, 0x45, 
  0x6a, 0xcf, 0xfb, 0xb9, 0x2f, 0xff, 0x08, 0xf1, 0xf0, 0xe6, 0xfd, 0x26, 
  0xf6, 0x36, 0xea, 0x0a, 0x02, 0xf2, 0x20, 0x1c, 0xde, 0x29, 0x0a, 0xcd, 
  0xeb, 0xcc, 0xf6, 0xda, 0xe0, 0xdc, 0xfa, 0xbc, 0x00, 0xfe, 0x0b, 0x01, 
  0x0c, 0x3b, 0x16, 0x43, 0x16, 0x28, 0x09, 0x20, 0xe2, 0xc2, 0x1c, 0x26, 
  0xf4, 0xc6, 0x37, 0xb1, 0xf8, 0x27, 0xf6, 0xe8, 0xfc, 0xd6, 0xd3, 0xcc, 
  0xba, 0x4a, 0xfa, 0x18, 0x20, 0x22, 0x00, 0x2e, 0xe6, 0xea, 0x25, 0xae, 
  0xb9, 0x08, 0xee, 0x37, 0xed, 0xd2, 0xd9, 0x25, 0xee, 0xcd, 0x0f, 0xd9, 
  0xf1, 0x62, 0x0a, 0x27, 0x33, 0x3a, 0x14, 0xce, 0xf2, 0xe4, 0x28, 0xcc, 
  0x04, 0x0e, 0x32, 0xc6, 0x18, 0x42, 0xd7, 0x0e, 0xff, 0xd7, 0xd4, 0xd2, 
  0x04, 0xef, 0xde, 0x20, 0xf5, 0x1b, 0x22, 0x38, 0x01, 0xfa, 0x07, 0xbb, 
  0xf6, 0xdf, 0x39, 0x1e, 0xfd, 0xc1, 0xdc, 0xdd, 0x01, 0xda, 0x1e, 0xf1, 
  0xeb, 0x5c, 0x14, 0x1a, 0x19, 0x2f, 0x0a, 0xdb, 0xcd, 0xfc, 0x1d, 0x08, 
  0x1f, 0x3b, 0x11, 0xb8, 0x05, 0x3b, 0x20, 0x00, 0x11, 0xd6, 0xd6, 0xe7, 
  0xc7, 0xf2, 0xf0, 0xe9, 0x0e, 0x02, 0x08, 0x5b, 0xc4, 0x0a, 0xfd, 0xb3, 
  0xea, 0xca, 0xcb, 0x21, 0xb6, 0xed, 0x06, 0x17, 0xfd, 0xf3, 0x08, 0xed, 
  0x18, 0x3a, 0x25, 0x2c, 0x31, 0x20, 0xf2, 0x26, 0xc7, 0xfd, 0x20, 0xef, 
  0x0b, 0x1b, 0x2a, 0xb3, 0x27, 0x00, 0xe0, 0xfb, 0xe0, 0xde, 0xe9, 0xdd, 
  0x17, 0x51, 0xeb, 0xea, 0x2c, 0x26, 0x1f, 0x17, 0xf3, 0x41, 0xc8, 0x07, 
  0xe9, 0xca, 0x01, 0xfe, 0x0e, 0xae, 0xde, 0xe3, 0xbf, 0xc6, 0x39, 0xfb, 
  0xfc, 0x3e, 0xf3, 0xe5, 0x2b, 0x21, 0x0f, 0x01, 0x09, 0xee, 0xff, 0x13, 
  0x64, 0xfc, 0x0a, 0xb5, 0x33, 0x2a, 0xf6, 0x0c, 0x0a, 0xd6, 0xf1, 0xd6, 
  0xf0, 0x05, 0xf3, 0x09, 0xe1, 0x2f, 0x2c, 0x30, 0x03, 0x1d, 0xbf, 0xc8, 
  0xc7, 0xba, 0xcb, 0xd5, 0x16, 0xea, 0xc5, 0x0b, 0x2e, 0x19, 0x04, 0xde, 
  0x1d, 0xef, 0x12, 0x2c, 0x29, 0xfe, 0xdf, 0x37, 0xe4, 0xc7, 0xeb, 0x2d, 
  0x60, 0xea, 0x25, 0xbb, 0x20, 0xfd, 0x0e, 0xec, 0x11, 0xdd, 0xfd, 0x1f, 
  0xdd, 0x29, 0x07, 0xf5, 0xfe, 0xd5, 0x28, 0x2c, 0x10, 0x05, 0xe0, 0xf9, 
  0xfa, 0xd0, 0x31, 0xf4, 0xce, 0x0e, 0xe6, 0xd4, 0xe6, 0xf7, 0x2c, 0xc9, 
  0x19, 0x53, 0x2d, 0x3e, 0xe0, 0x37, 0x30, 0xc2, 0x0c, 0xb2, 0xca, 0x37, 
  0x10, 0xc8, 0x13, 0xc1, 0x29, 0xff, 0x26, 0xd5, 0xd0, 0x06, 0xd6, 0x03, 
  0x03, 0x29, 0xf5, 0x33, 0xdc, 0xfc, 0x1f, 0x14, 0xe4, 0x29, 0x01, 0xd9, 
  0xba, 0xce, 0x2d, 0x39, 0xc9, 0xd9, 0xd9, 0x1b, 0x03, 0xff, 0xf7, 0xf4, 
  0x19, 0x25, 0x38, 0x1b, 0x01, 0x34, 0x1b, 0x1b, 0xdd, 0x2c, 0xfb, 0xee, 
  0x30, 0x12, 0x12, 0xa3, 0x2a, 0x3b, 0xf8, 0xe6, 0x0c, 0xed, 0xe6, 0x34, 
  0xfc, 0x23, 0x06, 0xf1, 0xdb, 0xd1, 0x27, 0x2a, 0x2b, 0xd7, 0xf0, 0xc7, 
  0xef, 0xdf, 0x32, 0xfd, 0x00, 0xd8, 0x07, 0x09, 0xed, 0x13, 0x33, 0xab, 
  0xfe, 0x57, 0x04, 0x20, 0x25, 0x16, 0xf8, 0xd6, 0xda, 0xd5, 0xe4, 0x34, 
  0x32, 0xc6, 0x0c, 0xc2, 0x12, 0x13, 0xf5, 0xe0, 0xff, 0xd3, 0x37, 0x29, 
  0xc4, 0x4c, 0x11, 0x24, 0x0b, 0x2a, 0x11, 0x1b, 0xcc, 0xf7, 0xdc, 0xc4, 
  0xd9, 0xe2, 0x2a, 0xde, 0xe1, 0x07, 0xfe, 0xf6, 0x07, 0x08, 0x1d, 0xda, 
  0x01, 0x38, 0x01, 0x20, 0x45, 0x18, 0xf9, 0xdb, 0xd1, 0x07, 0xfe, 0xf7, 
  0x2c, 0x1d, 0x25, 0xb9, 0x06, 0x2d, 0x03, 0xfd, 0xe1, 0xf0, 0x29, 0x34, 
  0xd0, 0x3d, 0x0e, 0x1c, 0xe0, 0xfa, 0x18, 0x1f, 0xed, 0x0e, 0xd3, 0xf6, 
  0xdb, 0xb7, 0x33, 0x27, 0xd9, 0xf0, 0x06, 0xea, 0x08, 0xcb, 0x1c, 0xdc, 
  0x22, 0x0e, 0x04, 0x16, 0x20, 0x1f, 0x19, 0x20, 0xea, 0x11, 0xe8, 0x39, 
  0x23, 0x22, 0x2b, 0x97, 0x2a, 0x40, 0xc6, 0x09, 0x14, 0xb3, 0xdb, 0x2b, 
  0x10, 0xe1, 0xe8, 0xfe, 0x2e, 0x0a, 0x19, 0x46, 0xdf, 0x06, 0xe3, 0xd2, 
  0xf6, 0xf8, 0xcc, 0x3a, 0xee, 0x00, 0xd8, 0x9e, 0x18, 0xd8, 0x21, 0xf2, 
  0xfd, 0xe5, 0x3f, 0x3b, 0xea, 0x2b, 0x08, 0xcc, 0xdf, 0xe0, 0xc4, 0x48, 
  0x44, 0xd2, 0x1a, 0xb4, 0x24, 0x0c, 0x18, 0x11, 0xfb, 0xcb, 0xf9, 0xe3, 
  0xca, 0x06, 0x00, 0x07, 0x09, 0x01, 0x19, 0x3a, 0xd9, 0x28, 0x11, 0xc6, 
  0xdd, 0xe0, 0x12, 0xf7, 0xd1, 0xd4, 0xe9, 0xdf, 0x01, 0x31, 0x01, 0x00, 
  0x1e, 0x55, 0xf1, 0xec, 0x22, 0x2e, 0x27, 0xe8, 0x0f, 0xf9, 0xd2, 0x55, 
  0x0a, 0xde, 0x1a, 0xa0, 0x47, 0x13, 0xf8, 0xbb, 0x18, 0xdc, 0xf2, 0xd6, 
  0x06, 0x27, 0x11, 0x0b, 0xfb, 0xd5, 0x24, 0x1a, 0x07, 0xf4, 0x0f, 0xb0, 
  0xb8, 0xf8, 0xcb, 0xef, 0x0e, 0xcd, 0xd9, 0x22, 0xe4, 0x29, 0x19, 0xd6, 
  0x02, 0x0b, 0x0e, 0x12, 0x21, 0x15, 0xf6, 0xfb, 0xdc, 0x06, 0xd4, 0x39, 
  0x48, 0xf3, 0x18, 0xaf, 0x23, 0x48, 0xd2, 0x03, 0xdd, 0xf9, 0x07, 0xdf, 
  0x19, 0x32, 0x08, 0x08, 0xd4, 0xc8, 0x2c, 0x11, 0xc0, 0x10, 0xec, 0xde, 
  0xf6, 0xe2, 0x3d, 0x37, 0xb3, 0x0b, 0x20, 0xbd, 0xf5, 0x33, 0x20, 0xe7, 
  0xe8, 0x2c, 0x41, 0xdb, 0x1d, 0x3b, 0x1d, 0xe7, 0xe1, 0xf7, 0xd4, 0x2e, 
  0x3b, 0xc8, 0xfe, 0xc4, 0x06, 0xf5, 0x2e, 0xf4, 0xfd, 0xe6, 0x29, 0xd2, 
  0xc1, 0x22, 0x1e, 0xf2, 0x08, 0x16, 0x1b, 0x35, 0xda, 0x0a, 0xc5, 0xe4, 
  0xeb, 0xd8, 0xe5, 0xcf, 0xdc, 0xd9, 0xff, 0x05, 0x00, 0x38, 0x25, 0xd7, 
  0x1a, 0x12, 0xf8, 0xee, 0x32, 0x16, 0xe0, 0xd2, 0x10, 0x00, 0xc1, 0x37, 
  0x4a, 0x2f, 0x1e, 0xab, 0x17, 0xfd, 0x16, 0xd5, 0xfa, 0xe9, 0xd9, 0xd8, 
  0xc0, 0x37, 0x27, 0x3a, 0xe7, 0x33, 0x1d, 0x13, 0xd8, 0x57, 0xec, 0xb4, 
  0xf3, 0xe6, 0xf2, 0xc8, 0xd4, 0xc0, 0x04, 0x04, 0xd8, 0xdd, 0x08, 0xf5, 
  0x07, 0x19, 0x3b, 0xe8, 0x2e, 0x2b, 0x0b, 0x15, 0xf6, 0xea, 0xc3, 0x1f, 
  0x37, 0xce, 0x11, 0xc7, 0x16, 0x2c, 0x13, 0xce, 0x05, 0xf0, 0xca, 0xdf, 
  0xcc, 0x32, 0x29, 0x10, 0xe3, 0x2e, 0x15, 0x23, 0xd6, 0x3b, 0xc4, 0xd7, 
  0x02, 0xf1, 0xd1, 0x08, 0xc1, 0xcc, 0xff, 0x15, 0xcc, 0xd8, 0x26, 0xe1, 
  0xe1, 0x43, 0x26, 0x17, 0x36, 0x00, 0x34, 0x13, 0xab, 0xda, 0xcb, 0x44, 
  0x45, 0xe3, 0xfa, 0xd9, 0x36, 0xf1, 0xee, 0x1f, 0xcc, 0xde, 0x28, 0x1a, 
  0xf6, 0x43, 0x0a, 0x14, 0x00, 0xdd, 0x2e, 0x03, 0xf2, 0x25, 0xc8, 0xf7, 
  0xe8, 0xb3, 0xeb, 0x01, 0xde, 0xc9, 0xde, 0xfe, 0x03, 0xcf, 0x1a, 0xf6, 
  0x0c, 0x1d, 0x3c, 0x0f, 0xfe, 0x20, 0xec, 0xf3, 0x01, 0xd9, 0x97, 0x40, 
  0x44, 0xcc, 0x04, 0xcc, 0x1a, 0x3e, 0xc2, 0x28, 0xe8, 0xd0, 0xcf, 0xdd, 
  0xe9, 0x1f, 0x0d, 0x21, 0xf1, 0xfb, 0x26, 0x1c, 0xe5, 0xee, 0xe9, 0xc7, 
  0xc0, 0xda, 0xf5, 0x28, 0x05, 0xf5, 0x03, 0xef, 0x0f, 0x1d, 0x1c, 0xd6, 
  0xe5, 0x2b, 0x2a, 0xf7, 0x31, 0x3a, 0xe6, 0xfb, 0xee, 0xf5, 0xc3, 0x27, 
  0x05, 0xeb, 0x25, 0xcc, 0x24, 0x2b, 0x16, 0xcd, 0xc0, 0x13, 0xce, 0xdc, 
  0x0e, 0x30, 0x11, 0x25, 0xdf, 0xe7, 0x12, 0x0d, 0xee, 0xdd, 0x0f, 0xd7, 
  0xd1, 0xfd, 0xcd, 0x32, 0xd0, 0x1f, 0x00, 0xdd, 0xc2, 0x25, 0x38, 0xd2, 
  0xec, 0x48, 0x1d, 0x4a, 0x1a, 0x06, 0xdd, 0xdd, 0xd4, 0xfa, 0xba, 0xf8, 
  0x3e, 0xd5, 0x0b, 0xd8, 0x33, 0x0d, 0x17, 0xbb, 0x04, 0xe1, 0x2c, 0xe2, 
  0xe2, 0x1f, 0x20, 0x1a, 0x0d, 0xe4, 0x0e, 0x1f, 0xf0, 0x05, 0xee, 0xb2, 
  0xce, 0xf9, 0x2c, 0x14, 0x04, 0xfe, 0xf3, 0xeb, 0xf1, 0x0e, 0x1e, 0xd4, 
  0x07, 0xd8, 0x42, 0xfd, 0x35, 0x11, 0xcb, 0xed, 0xd2, 0x11, 0xbb, 0x2d, 
  0x3d, 0xfc, 0x20, 0xbe, 0x3e, 0xfe, 0xeb, 0xf7, 0xf2, 0xc8, 0xcf, 0xf1, 
  0x11, 0xf8, 0x00, 0x10, 0x36, 0xce, 0x1c, 0x25, 0xec, 0x05, 0xbe, 0xfc, 
  0xc1, 0xd6, 0xcd, 0xf4, 0xe3, 0xfb, 0xf5, 0x16, 0xee, 0x21, 0x29, 0xc7, 
  0xf5, 0x38, 0x2f, 0x0b, 0x2b, 0x26, 0x28, 0xf0, 0xdc, 0x27, 0xc0, 0x03, 
  0x0c, 0x2a, 0x19, 0xc5, 0x44, 0xf9, 0xe6, 0x2b, 0xb8, 0xd4, 0x01, 0x10, 
  0x0d, 0x1c, 0xf7, 0x23, 0x1f, 0xd6, 0x22, 0x0a, 0xf1, 0x13, 0x14, 0x15, 
  0xcb, 0xe3, 0x30, 0x2f, 0xd9, 0xca, 0xec, 0xad, 0xe8, 0xf2, 0x24, 0xff, 
  0xe5, 0xfe, 0x22, 0x33, 0xf8, 0x1c, 0xdd, 0xef, 0xd6, 0x40, 0xac, 0x30, 
  0x2f, 0x23, 0x1a, 0xb2, 0x55, 0x02, 0x29, 0xdd, 0xeb, 0xf0, 0xf9, 0x26, 
  0x1a, 0xfb, 0x04, 0xea, 0x0c, 0x2d, 0x1e, 0x28, 0x03, 0x16, 0xf3, 0xe0, 
  0xa5, 0xde, 0x26, 0x20, 0x00, 0xdf, 0xd3, 0x17, 0xf0, 0xe1, 0x0f, 0xd9, 
  0x05, 0x19, 0x2f, 0x08, 0x40, 0x21, 0x17, 0xeb, 0xf1, 0x0e, 0xb9, 0x0b, 
  0xf5, 0x30, 0x36, 0xca, 0x21, 0x10, 0x1e, 0xf4, 0xbe, 0xf4, 0xd7, 0x13, 
  0xee, 0x06, 0x08, 0x36, 0x08, 0xfb, 0x09, 0x1d, 0xbc, 0x09, 0xcb, 0xf9, 
  0xbb, 0xf5, 0x1b, 0x23, 0xda, 0xd8, 0xf8, 0x0e, 0x13, 0x35, 0x17, 0xd4, 
  0xd7, 0x5d, 0x0d, 0xe6, 0x3b, 0x11, 0x30, 0x25, 0xe4, 0x03, 0xb0, 0x43, 
  0x1b, 0x1f, 0x05, 0xd7, 0x27, 0x45, 0xd6, 0xd9, 0x12, 0xec, 0x2d, 0xd6, 
  0x08, 0x09, 0x29, 0x04, 0xef, 0x03, 0x27, 0x1f, 0x21, 0xd4, 0xd5, 0xcc, 
  0x02, 0xba, 0xe6, 0xf5, 0xe4, 0x06, 0xef, 0xe2, 0x14, 0x23, 0x2e, 0xd3, 
  0x08, 0x30, 0x0f, 0x07, 0x4c, 0xef, 0xcb, 0xef, 0xc7, 0x32, 0xb7, 0x24, 
  0x22, 0x0c, 0x16, 0xc6, 0x1a, 0x59, 0xe0, 0xd8, 0xf5, 0xdc, 0x2e, 0x1d, 
  0xe9, 0xf7, 0x15, 0x42, 0x08, 0xc7, 0x01, 0x29, 0xec, 0x00, 0x38, 0xdc, 
  0xb2, 0xf3, 0x29, 0xdf, 0xc5, 0xc8, 0xed, 0x18, 0xd2, 0x37, 0x0e, 0xe9, 
  0xf6, 0x1e, 0x0d, 0x4b, 0x2d, 0xf0, 0x3e, 0xf1, 0xc0, 0x36, 0xb0, 0x19, 
  0x12, 0xcb, 0x29, 0xc6, 0x4b, 0x0a, 0x19, 0x1c, 0xcf, 0xf9, 0xcc, 0xc9, 
  0x00, 0x0f, 0x13, 0xf5, 0xe5, 0xd2, 0x2e, 0x14, 0xd1, 0x08, 0xd0, 0xec, 
  0xcd, 0xdf, 0x2e, 0xd8, 0xe2, 0x11, 0x03, 0xeb, 0xe0, 0xf4, 0x2e, 0xd7, 
  0xfc, 0x0a, 0x2c, 0x2c, 0x1b, 0xf8, 0xdd, 0xca, 0xcf, 0x20, 0x9f, 0x3c, 
  0x1c, 0xf2, 0x1c, 0xc7, 0x25, 0x38, 0xd9, 0x1f, 0xf4, 0xdf, 0xe6, 0x18, 
  0xdb, 0xf8, 0x24, 0x37, 0xd6, 0xe7, 0x2e, 0x18, 0x19, 0xff, 0xd1, 0xf8, 
  0x00, 0xdb, 0x13, 0x01, 0xeb, 0xc9, 0xf3, 0xfc, 0xbe, 0x12, 0x4a, 0xcf, 
  0x13, 0x11, 0xf7, 0xec, 0x6c, 0xe6, 0xca, 0x06, 0xee, 0x3c, 0xbb, 0x14, 
  0x22, 0x09, 0x31, 0xc0, 0x2b, 0x1a, 0x11, 0xeb, 0xc9, 0xf5, 0xf7, 0xce, 
  0xf2, 0x19, 0x12, 0x17, 0x19, 0x1d, 0x06, 0x19, 0x14, 0xf8, 0xe1, 0xc7, 
  0xf8, 0xba, 0x3b, 0xe1, 0xf2, 0xc8, 0xf8, 0x18, 0xf0, 0x2a, 0x28, 0xd5, 
  0xe6, 0x53, 0x42, 0xd2, 0xf1, 0x38, 0x14, 0x21, 0x11, 0x2a, 0xa0, 0x51, 
  0xf0, 0x0d, 0xff, 0xbe, 0x2e, 0xe6, 0x05, 0x35, 0xed, 0xdd, 0xcb, 0xd5, 
  0xf2, 0xfe, 0x17, 0xcc, 0x27, 0x29, 0x34, 0x2c, 0x12, 0xdc, 0x06, 0xc9, 
  0xd7, 0xee, 0xe9, 0xc9, 0xd2, 0xed, 0xe5, 0x11, 0x01, 0x30, 0x19, 0xc5, 
  0xe8, 0x2e, 0x34, 0xd3, 0x30, 0xfd, 0xff, 0x15, 0x12, 0x14, 0xae, 0xfc, 
  0x53, 0x02, 0xfe, 0xe1, 0x33, 0x12, 0xf8, 0xfc, 0x01, 0xda, 0x2f, 0xd7, 
  0xdb, 0x13, 0x28, 0xfc, 0x1a, 0xed, 0x1c, 0x1e, 0xd1, 0x26, 0xf1, 0xef, 
  0xca, 0xf0, 0x12, 0xc5, 0xc1, 0xda, 0xf9, 0xf5, 0xf8, 0x2a, 0x0e, 0xe6, 
  0xee, 0xef, 0x47, 0x21, 0x06, 0xfc, 0xe3, 0xfb, 0xda, 0x45, 0x9c, 0x1d, 
  0x2c, 0x23, 0x17, 0xcc, 0x4a, 0x06, 0x2b, 0x01, 0xd1, 0xef, 0xe6, 0x03, 
  0xdc, 0x00, 0x15, 0x25, 0xfe, 0xeb, 0x13, 0x15, 0xc8, 0x41, 0xaf, 0xf5, 
  0xd6, 0xf9, 0x0b, 0xe6, 0x09, 0xbd, 0x0e, 0xf2, 0xdd, 0x28, 0x2e, 0xd5, 
  0x08, 0x0c, 0xfd, 0xd4, 0x32, 0xe2, 0x00, 0xc6, 0x10, 0x31, 0x96, 0x5d, 
  0x3c, 0xd4, 0x14, 0xbd, 0x2d, 0x41, 0xde, 0x2e, 0x17, 0xd7, 0xca, 0x12, 
  0xd2, 0xe1, 0x29, 0xfd, 0xe4, 0xfe, 0x32, 0x2f, 0xec, 0x52, 0xe0, 0xee, 
  0xc0, 0x10, 0x08, 0x21, 0x03, 0xe6, 0xea, 0xbe, 0xd1, 0xee, 0x1e, 0xe5, 
  0xc5, 0xf1, 0x18, 0x3c, 0xef, 0x01, 0xd5, 0x25, 0xfb, 0x55, 0xb1, 0x19, 
  0x28, 0x35, 0x2a, 0xbb, 0x3a, 0x42, 0xc9, 0x12, 0x09, 0xdd, 0x38, 0x20, 
  0x01, 0xef, 0x1c, 0xf5, 0x0c, 0xe9, 0x27, 0x21, 0xc2, 0x30, 0xe1, 0x13, 
  0xca, 0x03, 0x16, 0x38, 0xdc, 0xd4, 0xf6, 0xb3, 0xfd, 0x1c, 0x1d, 0xf0, 
  0xfd, 0xfb, 0x59, 0xd9, 0x0d, 0xf9, 0xdb, 0x25, 0x19, 0x08, 0x81, 0x36, 
  0x3f, 0x07, 0x05, 0xe3, 0x4b, 0x19, 0x28, 0x12, 0xe0, 0xfa, 0xf0, 0x3c, 
  0xfb, 0xf3, 0x16, 0xd3, 0x03, 0x17, 0x1f, 0x28, 0xf6, 0x06, 0xd3, 0xef, 
  0xe9, 0x00, 0xf5, 0xf2, 0xe9, 0xde, 0x02, 0xf0, 0xc0, 0xdc, 0x44, 0xcb, 
  0xd8, 0x25, 0x4b, 0x05, 0x37, 0xf0, 0xed, 0x27, 0xd7, 0x1e, 0xb6, 0x11, 
  0x01, 0xd0, 0x1a, 0xeb, 0x27, 0xf7, 0x0d, 0xde, 0x19, 0xf6, 0x02, 0x13, 
  0xde, 0xf6, 0x30, 0x09, 0xfe, 0xd0, 0x2f, 0x22, 0xbe, 0x48, 0xf2, 0x01, 
  0xc6, 0x0d, 0x16, 0x02, 0xbb, 0xf2, 0x06, 0xca, 0xd5, 0x04, 0x14, 0xe6, 
  0xd2, 0x2e, 0xfa, 0x05, 0x50, 0xce, 0xdc, 0xdd, 0xe8, 0x51, 0xbb, 0xf4, 
  0x36, 0xfe, 0x1c, 0xe0, 0x3f, 0x13, 0x39, 0xff, 0xda, 0x1d, 0x11, 0xde, 
  0xfc, 0xea, 0x1a, 0xf2, 0xd7, 0x02, 0x2a, 0x21, 0xb3, 0x15, 0xe4, 0x13, 
  0xc8, 0xdc, 0x1c, 0xd2, 0xae, 0xbe, 0x10, 0x08, 0x0a, 0x0b, 0x12, 0xe6, 
  0xc0, 0x41, 0x26, 0xdb, 0x41, 0xf8, 0x05, 0x36, 0xe1, 0x54, 0xc8, 0x0e, 
  0xfe, 0x0b, 0x16, 0xde, 0x07, 0x19, 0x21, 0xf5, 0xdf, 0x1b, 0x14, 0xf3, 
  0xb7, 0x30, 0x40, 0x0f, 0xdc, 0xfb, 0x1c, 0x0f, 0xf8, 0xfd, 0xd2, 0xff, 
  0x08, 0xba, 0xce, 0x08, 0xaa, 0xf5, 0x0f, 0xfc, 0xc9, 0x19, 0x3e, 0xdc, 
  0x07, 0xe9, 0x43, 0xf5, 0x46, 0xde, 0xd7, 0x38, 0xf0, 0x26, 0xbb, 0x32, 
  0xec, 0xfd, 0x3b, 0xce, 0x2c, 0x06, 0xf2, 0xf8, 0x02, 0xe1, 0x30, 0x11, 
  0xbf, 0x17, 0x31, 0x25, 0x19, 0x1e, 0x1a, 0x0f, 0xf4, 0xfa, 0xc6, 0xbb, 
  0x0a, 0xfe, 0xe7, 0x12, 0x0c, 0xda, 0xf0, 0xc7, 0xfa, 0xfb, 0x3e, 0xe4, 
  0xe4, 0x60, 0x0b, 0x24, 0xff, 0xdd, 0xc8, 0x0c, 0xe3, 0x54, 0xa6, 0x47, 
  0xf9, 0xff, 0x07, 0xc6, 0x0e, 0x34, 0x08, 0xf1, 0xda, 0x0f, 0xd8, 0x39, 
  0xce, 0x39, 0x30, 0xf1, 0x0f, 0xd1, 0x06, 0x15, 0xe4, 0x07, 0xfd, 0xd2, 
  0xcd, 0xff, 0xea, 0xf1, 0xc7, 0xea, 0x17, 0x1f, 0xbb, 0x2c, 0x27, 0xc6, 
  0xf5, 0xea, 0x4e, 0x15, 0x38, 0xca, 0x1c, 0xc7, 0xf5, 0x0b, 0xad, 0x0e, 
  0x18, 0x16, 0x2d, 0xed, 0x16, 0xf2, 0x2f, 0x1b, 0xdf, 0x0d, 0xf4, 0x01, 
  0xba, 0x18, 0x30, 0xec, 0xfe, 0xdf, 0x25, 0x1c, 0x0e, 0x4f, 0xfd, 0x07, 
  0xd8, 0xdf, 0xf0, 0xca, 0xdc, 0xe0, 0xea, 0xaa, 0xd4, 0x21, 0x18, 0xf4, 
  0xd3, 0x3d, 0x32, 0x03, 0x3e, 0xe1, 0xcb, 0x1f, 0xe4, 0x4f, 0xc7, 0xe8, 
  0xf8, 0x3c, 0x20, 0xe9, 0x1f, 0x54, 0xe6, 0xd6, 0xea, 0x00, 0x1a, 0x2e, 
  0x02, 0xf9, 0x11, 0x0d, 0x2a, 0xf1, 0xfc, 0x25, 0xde, 0xec, 0x0c, 0xe6, 
  0x05, 0x00, 0x36, 0xfd, 0xbf, 0xaf, 0x11, 0xc8, 0xfb, 0x0b, 0x2e, 0xeb, 
  0xe1, 0x54, 0x0d, 0x24, 0xf9, 0xe5, 0x1e, 0xf6, 0x11, 0x65, 0xb1, 0x0d, 
  0xf3, 0xe0, 0x1a, 0xc8, 0x29, 0x3c, 0xe1, 0x10, 0xb4, 0x10, 0x26, 0xeb, 
  0x0c, 0x09, 0x02, 0x27, 0x0a, 0x03, 0x10, 0x09, 0x19, 0x0d, 0xcb, 0xdb, 
  0xec, 0xee, 0xdf, 0x28, 0x0c, 0xd4, 0xf7, 0xea, 0xef, 0x30, 0x30, 0xbe, 
  0xb8, 0x36, 0x36, 0xd4, 0x45, 0xd6, 0x2e, 0xf3, 0xf6, 0x2e, 0xd2, 0x02, 
  0x1b, 0xc7, 0x10, 0xf7, 0x15, 0x1b, 0xf3, 0x26, 0xe8, 0x0a, 0x06, 0xf8, 
  0xe1, 0x1b, 0x25, 0xd0, 0x0e, 0xd9, 0x29, 0x1c, 0xde, 0x2b, 0xd4, 0x9f, 
  0x0e, 0xce, 0x0d, 0x27, 0xd1, 0xe4, 0x1f, 0x07, 0xf7, 0x33, 0x11, 0xda, 
  0xe2, 0x19, 0x42, 0xf8, 0x27, 0xbc, 0xfd, 0x37, 0x08, 0xef, 0xba, 0x43, 
  0x12, 0xc8, 0x17, 0xf0, 0x53, 0x25, 0x07, 0xe6, 0xdd, 0x08, 0x25, 0x13, 
  0xff, 0xeb, 0x07, 0x38, 0xfb, 0x3a, 0x13, 0x0b, 0xc9, 0xfd, 0xd8, 0xb8, 
  0xc6, 0x14, 0x2b, 0xe7, 0xfa, 0xef, 0x0c, 0x00, 0x09, 0x29, 0x1c, 0xc3, 
  0xa3, 0x11, 0x23, 0x16, 0xfa, 0xe1, 0x21, 0x15, 0x03, 0x4b, 0xbc, 0x23, 
  0x10, 0xec, 0x21, 0xe1, 0x5d, 0x02, 0xd7, 0x02, 0xf0, 0xf6, 0xf2, 0xc8, 
  0x08, 0x1e, 0x16, 0x08, 0x17, 0xc5, 0x2e, 0xf6, 0xe5, 0x0f, 0xd8, 0xc8, 
  0xfa, 0xe0, 0x21, 0x2f, 0xbd, 0x1a, 0xeb, 0xbb, 0x3b, 0x2c, 0x06, 0xe4, 
  0xda, 0x3d, 0x39, 0xe8, 0x14, 0xde, 0xe0, 0x20, 0x39, 0x2f, 0xbe, 0xe3, 
  0x14, 0xcd, 0x15, 0xf1, 0x50, 0xfc, 0xf0, 0x14, 0xe8, 0xf0, 0xdb, 0xe6, 
  0xf8, 0xef, 0x04, 0x19, 0x20, 0x20, 0x26, 0x0e, 0xc7, 0xf3, 0x01, 0xdc, 
  0xc9, 0xd6, 0x0f, 0xf5, 0xb1, 0x11, 0x1b, 0xd9, 0x22, 0x05, 0x08, 0xe0, 
  0xc9, 0x0d, 0x45, 0x11, 0x0d, 0xd3, 0xee, 0x2d, 0x11, 0x17, 0xbe, 0x1d, 
  0xff, 0xe2, 0x6c, 0xed, 0x40, 0x1b, 0x32, 0x13, 0xf4, 0x13, 0xdd, 0xd0, 
  0xdc, 0xd0, 0x11, 0xf1, 0xe8, 0x1c, 0x26, 0x2d, 0xc6, 0x39, 0xe3, 0xca, 
  0xc1, 0x18, 0x1f, 0xcc, 0xe5, 0xe8, 0x06, 0xe7, 0xfc, 0x05, 0x09, 0xd6, 
  0xdc, 0xf3, 0x04, 0x0f, 0x03, 0xd1, 0xe4, 0x38, 0x4d, 0x67, 0xc7, 0xf1, 
  0x19, 0xc7, 0x3f, 0xc5, 0x3b, 0xee, 0x18, 0xe9, 0x0e, 0x0d, 0xc7, 0x03, 
  0xba, 0x10, 0x35, 0x25, 0xe4, 0x34, 0x30, 0x04, 0xfb, 0x23, 0xbf, 0x12, 
  0xa2, 0xe6, 0x1f, 0xf6, 0xf1, 0x09, 0xe3, 0xfe, 0xfb, 0x31, 0x18, 0xba, 
  0xe6, 0xf4, 0x28, 0x1e, 0x0c, 0xaf, 0xe0, 0xdb, 0x04, 0x3d, 0xc5, 0x33, 
  0x0d, 0x24, 0x2d, 0xd5, 0x2a, 0x09, 0x04, 0xde, 0xea, 0xf8, 0x20, 0xef, 
  0xcf, 0x01, 0x0a, 0x36, 0x41, 0xf7, 0xfd, 0x17, 0xb1, 0x47, 0xdc, 0xcc, 
  0xd4, 0xe8, 0xd6, 0x03, 0xcf, 0xc5, 0x11, 0x0e, 0xf8, 0xf2, 0x03, 0xf0, 
  0x03, 0x33, 0x1b, 0x04, 0x20, 0xbb, 0xd0, 0x11, 0x49, 0x25, 0xc9, 0xf5, 
  0xf7, 0x0c, 0x32, 0xe0, 0x57, 0x11, 0xe4, 0xda, 0xf7, 0xf8, 0xdb, 0x38, 
  0xfb, 0x16, 0x0b, 0x1f, 0x2c, 0x2d, 0x13, 0xff, 0xf5, 0x38, 0xf8, 0xc6, 
  0xfc, 0xf4, 0x24, 0xec, 0xe4, 0xd9, 0xf8, 0xad, 0xf3, 0x39, 0x16, 0xf6, 
  0xe0, 0xfc, 0x61, 0x1a, 0xec, 0xb0, 0x1d, 0x31, 0x1e, 0x2b, 0xc0, 0xe6, 
  0x46, 0x1e, 0x0b, 0xf6, 0x39, 0x07, 0x05, 0xef, 0xde, 0x04, 0xd3, 0xda, 
  0xd6, 0x07, 0x05, 0x3a, 0x22, 0xd7, 0x0b, 0x0b, 0xb1, 0x10, 0x04, 0xd7, 
  0xb8, 0x06, 0xe7, 0x1f, 0xa1, 0x07, 0x15, 0xf3, 0x0b, 0x25, 0x00, 0xdf, 
  0xd2, 0x4b, 0x25, 0xf3, 0x26, 0xb8, 0xec, 0x21, 0x05, 0x39, 0xee, 0x25, 
  0xdb, 0xdd, 0x21, 0xe2, 0x37, 0xfa, 0x1a, 0x0e, 0xcc, 0x27, 0x25, 0x3c, 
  0xef, 0x08, 0x0a, 0x0d, 0xf8, 0xe6, 0x28, 0x07, 0xeb, 0x23, 0xe3, 0x0c, 
  0xa7, 0x00, 0x02, 0x29, 0xef, 0xce, 0xeb, 0x00, 0xe1, 0x34, 0x1f, 0xd1, 
  0xf0, 0x20, 0x51, 0x19, 0x15, 0xa9, 0xd0, 0x17, 0x12, 0xf8, 0xcf, 0x18, 
  0xf9, 0xd0, 0x23, 0xf9, 0x34, 0x29, 0x00, 0x01, 0xee, 0x2d, 0x01, 0x14, 
  0x0d, 0xd8, 0x03, 0x09, 0xdc, 0x12, 0x33, 0x1a, 0x06, 0xf8, 0xc6, 0x01, 
  0xf1, 0xcd, 0xca, 0x29, 0x00, 0xb6, 0xf9, 0xd4, 0x17, 0x05, 0x33, 0xda, 
  0xed, 0xfa, 0x5d, 0xef, 0x01, 0xca, 0xe6, 0xf4, 0x1a, 0x53, 0xec, 0x06, 
  0xf1, 0xe1, 0x29, 0xd2, 0x43, 0x06, 0x10, 0xe9, 0xd7, 0x1a, 0x3c, 0x3b, 
  0xe1, 0x0d, 0xff, 0x3b, 0x08, 0xeb, 0x12, 0x02, 0x31, 0x2e, 0xe9, 0xbd, 
  0xff, 0xf3, 0x1c, 0x25, 0x0b, 0xa7, 0xf4, 0x00, 0xc8, 0x17, 0x2a, 0xcc, 
  0xf1, 0x46, 0x34, 0xf1, 0x08, 0xa5, 0xeb, 0x2d, 0x02, 0x43, 0xe7, 0x37, 
  0xf7, 0xf5, 0x0a, 0xd9, 0x01, 0x2d, 0x1d, 0xe7, 0xf5, 0x2a, 0xe2, 0x0e, 
  0xbc, 0x2e, 0x23, 0xce, 0x1d, 0x07, 0x05, 0x26, 0x25, 0xd2, 0xf0, 0xf4, 
  0xf5, 0xba, 0x0e, 0xf4, 0xe9, 0xf7, 0x06, 0xd5, 0xfe, 0x1a, 0x35, 0xba, 
  0xe5, 0x49, 0x14, 0xfc, 0x09, 0xbd, 0xce, 0x03, 0x36, 0x33, 0xed, 0x2a, 
  0xcd, 0x32, 0x30, 0xd6, 0x2b, 0x24, 0x17, 0xd2, 0x16, 0x16, 0x37, 0x2a, 
  0xbc, 0x25, 0x23, 0xe7, 0x0f, 0x3b, 0x0e, 0x1c, 0xe0, 0x0e, 0xde, 0xe9, 
  0xd5, 0xe0, 0x1e, 0xd4, 0xde, 0xcf, 0xfa, 0xec, 0x18, 0xcb, 0x14, 0xe2, 
  0xe0, 0x0f, 0x4c, 0xd2, 0x0a, 0xae, 0xda, 0x2d, 0x37, 0x1e, 0xe4, 0x0f, 
  0x2a, 0xd1, 0x11, 0xf0, 0x31, 0x34, 0xf9, 0x0c, 0xf9, 0x1c, 0xd5, 0x2b, 
  0xe1, 0x1a, 0x0f, 0xda, 0xff, 0x17, 0x20, 0x15, 0xf4, 0x39, 0xcc, 0xb6, 
  0xe7, 0xf1, 0x38, 0xc6, 0x04, 0x04, 0xf6, 0xef, 0xcd, 0x14, 0x23, 0xcd, 
  0xeb, 0x03, 0x30, 0x0a, 0x1c, 0x84, 0x14, 0x31, 0x16, 0x0e, 0xeb, 0x1f, 
  0x29, 0x2f, 0x21, 0xf0, 0x42, 0x1f, 0xe0, 0xdf, 0xff, 0x09, 0xc7, 0x01, 
  0xfd, 0x0a, 0xf9, 0x0e, 0x2d, 0x0e, 0x14, 0x10, 0x2d, 0xf9, 0x15, 0xb7, 
  0x0d, 0xd6, 0x10, 0x2b, 0xca, 0xb7, 0xf2, 0xfa, 0xfb, 0xe0, 0x16, 0xdf, 
  0xb7, 0x10, 0x4f, 0xe4, 0x1a, 0x9f, 0x33, 0x30, 0xfa, 0x1e, 0x01, 0x18, 
  0x28, 0xee, 0x0e, 0xfe, 0x28, 0x11, 0x11, 0xef, 0xf9, 0x16, 0x12, 0xdc, 
  0xb8, 0x0b, 0x0a, 0x2a, 0x05, 0xcb, 0x12, 0x13, 0xd2, 0x2b, 0xda, 0xd3, 
  0xe1, 0x14, 0x1f, 0xe4, 0xe2, 0x03, 0x13, 0xb8, 0xeb, 0xf0, 0x22, 0xd5, 
  0xcc, 0x54, 0x4a, 0xde, 0xfd, 0xc5, 0xef, 0x23, 0x33, 0x15, 0xfd, 0x0e, 
  0xec, 0xe8, 0x11, 0xf4, 0x25, 0x0e, 0x05, 0xd7, 0xf8, 0x25, 0x1b, 0x23, 
  0xdc, 0x2e, 0x08, 0xfa, 0x1e, 0x20, 0x13, 0x0f, 0xed, 0xf1, 0x10, 0xf6, 
  0xb1, 0xee, 0x33, 0x34, 0xef, 0xec, 0xe2, 0xca, 0x06, 0xda, 0x1a, 0xe4, 
  0xcb, 0xf9, 0x18, 0x15, 0xef, 0xb5, 0x06, 0x37, 0x33, 0x46, 0x12, 0x23, 
  0xf0, 0xd0, 0x41, 0xc5, 0x3f, 0xf2, 0x24, 0xf8, 0xdc, 0x22, 0x0b, 0xf8, 
  0xf4, 0x0a, 0xeb, 0xeb, 0x2f, 0xca, 0x14, 0x18, 0xce, 0x3b, 0xe9, 0x04, 
  0xc0, 0x03, 0xf5, 0x26, 0xcf, 0xd0, 0xe7, 0xec, 0xe9, 0xc8, 0x11, 0xe8, 
  0xa9, 0x3e, 0x38, 0xed, 0xeb, 0xab, 0xec, 0x26, 0x12, 0x21, 0x04, 0x31, 
  0x21, 0xe2, 0xff, 0xf3, 0x49, 0x02, 0xe5, 0x2e, 0xe8, 0x04, 0x2c, 0x2f, 
  0xe2, 0x2e, 0xf2, 0xe7, 0x27, 0x02, 0x25, 0x06, 0xd8, 0xfa, 0xd6, 0xf9, 
  0xfc, 0xff, 0x2c, 0x14, 0xad, 0x12, 0x0c, 0xce, 0xd8, 0xe0, 0x3d, 0xd0, 
  0xc5, 0x2f, 0x3e, 0x1e, 0x24, 0x92, 0x35, 0xfa, 0xff, 0xf9, 0x1c, 0xf9, 
  0x02, 0x12, 0x27, 0x03, 0x42, 0x01, 0xe8, 0x05, 0xfd, 0x01, 0xf9, 0x12, 
  0xbc, 0x22, 0xff, 0x3e, 0x08, 0xdb, 0x21, 0xfb, 0x05, 0x15, 0xd7, 0xb2, 
  0x06, 0xe6, 0xe7, 0xcd, 0xf4, 0xeb, 0xe8, 0xd5, 0x09, 0x05, 0x1c, 0xde, 
  0xc1, 0x10, 0x1a, 0x08, 0x0c, 0xb0, 0x16, 0x10, 0x36, 0x32, 0x26, 0xec, 
  0x08, 0xc7, 0x3b, 0xdf, 0x27, 0x27, 0xf7, 0x18, 0xf1, 0x02, 0xdb, 0xe6, 
  0xb7, 0xff, 0xee, 0x26, 0x1d, 0xe8, 0x0a, 0x1e, 0x10, 0xe5, 0x00, 0xd4, 
  0xd8, 0x06, 0x0a, 0xfb, 0xee, 0xd9, 0xe0, 0x15, 0xc5, 0x31, 0x37, 0xc4, 
  0xb5, 0x39, 0x47, 0x1f, 0xe4, 0xba, 0x3a, 0xef, 0x1e, 0x19, 0x18, 0xf3, 
  0xfb, 0xe3, 0x1e, 0xf4, 0x0f, 0x05, 0x0b, 0xe8, 0xd8, 0x1b, 0x38, 0xf8, 
  0xc8, 0x0a, 0xe6, 0x45, 0x35, 0x29, 0xfd, 0x17, 0xbd, 0x18, 0xbd, 0xea, 
  0x09, 0xed, 0xd7, 0x17, 0xae, 0xb9, 0xda, 0x0f, 0x1c, 0x37, 0x16, 0xf1, 
  0xb5, 0x02, 0x60, 0xf1, 0xd8, 0xc0, 0xcf, 0x25, 0x37, 0x28, 0x07, 0xdd, 
  0x48, 0xd2, 0x0b, 0xf9, 0x2e, 0xfe, 0x05, 0xd3, 0xfa, 0x07, 0x1a, 0xf4, 
  0xc7, 0x10, 0xed, 0x3c, 0x3d, 0xce, 0x00, 0x13, 0xf9, 0x07, 0xe6, 0xe8, 
  0xdc, 0xfc, 0xe8, 0xce, 0xd5, 0x1e, 0xf1, 0xbf, 0xf2, 0xc7, 0x25, 0xcc, 
  0xb6, 0x49, 0x22, 0xf7, 0xff, 0xa6, 0xde, 0x03, 0xfb, 0x2e, 0x37, 0x35, 
  0xfb, 0x37, 0x12, 0xdc, 0x22, 0xdc, 0x14, 0x21, 0xde, 0x26, 0xd0, 0x2c, 
  0xc7, 0x47, 0xfa, 0xde, 0x1b, 0xcb, 0x27, 0x08, 0xca, 0xf4, 0xe9, 0xc9, 
  0xe7, 0x08, 0x14, 0xdd, 0xda, 0xd4, 0x09, 0xe7, 0x14, 0xd6, 0x1f, 0xd9, 
  0xb1, 0x1c, 0x0b, 0xfa, 0x01, 0x9a, 0xed, 0x2a, 0x03, 0x4a, 0x35, 0x2f, 
  0x1b, 0x20, 0x1e, 0xd3, 0x47, 0xf3, 0xe0, 0x1c, 0xf9, 0x02, 0xed, 0xee, 
  0xf1, 0x09, 0xde, 0x08, 0x2b, 0xcf, 0x2a, 0x0d, 0xf3, 0x2c, 0xdc, 0xf2, 
  0xc5, 0xee, 0x18, 0xfd, 0x11, 0xc7, 0xea, 0xc5, 0x15, 0x05, 0x13, 0xdf, 
  0xbc, 0x28, 0x48, 0x1b, 0x03, 0xc7, 0xdb, 0x01, 0x28, 0x0b, 0x3c, 0xd6, 
  0xd4, 0xee, 0x42, 0xf5, 0x24, 0x1b, 0xed, 0x1b, 0x18, 0xfd, 0x3a, 0xc9, 
  0xaa, 0x23, 0xfe, 0xea, 0x20, 0xe3, 0x1b, 0x21, 0x2c, 0xf6, 0x13, 0xbd, 
  0xdc, 0x03, 0xea, 0xf7, 0xfe, 0xde, 0xdf, 0xdb, 0xf2, 0xf2, 0x1e, 0xcd, 
  0x9c, 0x39, 0x09, 0x0c, 0x05, 0x96, 0x08, 0x02, 0xea, 0x4e, 0x51, 0x11, 
  0x21, 0x0f, 0x15, 0xda, 0x1d, 0x3f, 0xea, 0xd3, 0x15, 0x19, 0x32, 0xda, 
  0xd3, 0x35, 0xf8, 0xe5, 0x2b, 0xc8, 0x04, 0x20, 0xc3, 0x54, 0xaa, 0xe4, 
  0xef, 0xdf, 0x2d, 0xf7, 0xe3, 0x15, 0x07, 0xb6, 0x01, 0xfc, 0x15, 0xdf, 
  0xdb, 0x66, 0x4c, 0xdb, 0x08, 0xaa, 0x2d, 0x36, 0x34, 0xea, 0x30, 0xf1, 
  0x0a, 0xca, 0x07, 0x01, 0x2a, 0x30, 0x05, 0xd5, 0x11, 0x13, 0x32, 0x31, 
  0xe8, 0xed, 0xdc, 0xff, 0x2f, 0xf5, 0x04, 0x34, 0xeb, 0xff, 0x02, 0xfa, 
  0xcd, 0xdc, 0xcd, 0xd1, 0xd8, 0xf7, 0xd2, 0xe1, 0xe9, 0x15, 0x20, 0xe7, 
  0xaa, 0x08, 0x69, 0xe3, 0xdf, 0xb8, 0x05, 0xc9, 0xec, 0x25, 0x3e, 0x31, 
  0x22, 0x09, 0x03, 0xe6, 0x38, 0x17, 0xcc, 0xb5, 0x0d, 0x18, 0x12, 0x0a, 
  0xf3, 0x36, 0xec, 0x41, 0x19, 0x30, 0x16, 0xf8, 0x0d, 0x2d, 0x0a, 0x02, 
  0xb7, 0x09, 0xcf, 0x1b, 0xea, 0xa6, 0xc0, 0x11, 0xc1, 0xf7, 0x1c, 0xe3, 
  0xd9, 0x1b, 0x3f, 0x25, 0xc0, 0xc2, 0xec, 0x29, 0x23, 0x29, 0x41, 0x32, 
  0xd2, 0xea, 0x32, 0xc0, 0x35, 0x32, 0xd2, 0xf1, 0xf4, 0x24, 0x33, 0x2e, 
  0x0a, 0x16, 0xd9, 0x19, 0x02, 0xed, 0x21, 0x0a, 0xfa, 0x3e, 0x0c, 0x9a, 
  0xf2, 0x12, 0xee, 0x15, 0xf4, 0xc9, 0xd3, 0xcd, 0xfb, 0xc5, 0x02, 0xf7, 
  0xb6, 0x26, 0x42, 0x08, 0x2f, 0xab, 0xd3, 0x26, 0xf6, 0xf7, 0x6a, 0xed, 
  0xe2, 0x2a, 0x3c, 0xf7, 0x4c, 0xff, 0x11, 0xf0, 0xf6, 0x23, 0xed, 0xce, 
  0xd4, 0x3a, 0xed, 0x0e, 0xf5, 0x00, 0x21, 0xfd, 0xd6, 0x4a, 0x98, 0xaf, 
  0x09, 0xda, 0x09, 0x29, 0xf9, 0xed, 0x07, 0xe8, 0x0b, 0xfe, 0x18, 0xe0, 
  0xc3, 0x4c, 0x0a, 0x26, 0xd1, 0xa3, 0xf1, 0xe3, 0x38, 0xe9, 0x32, 0x3e, 
  0x0b, 0xce, 0x1c, 0xde, 0x13, 0x26, 0xf1, 0xb5, 0x12, 0x0e, 0xf6, 0xdb, 
  0xe4, 0xff, 0xdc, 0x27, 0x47, 0x19, 0xf8, 0x2b, 0xe9, 0x23, 0xe6, 0xe1, 
  0xd1, 0x0d, 0xf1, 0xd8, 0xe5, 0x1a, 0xd5, 0xc8, 0xdd, 0xca, 0x20, 0xd8, 
  0xc5, 0x28, 0x12, 0x28, 0xf4, 0x8a, 0xee, 0xdc, 0x0a, 0xf4, 0x47, 0x31, 
  0x24, 0x03, 0x1f, 0xe2, 0x24, 0x26, 0xfa, 0xc1, 0x10, 0x2c, 0x0b, 0xf8, 
  0xd0, 0x49, 0xfd, 0x0f, 0xfa, 0xd7, 0x14, 0x06, 0xff, 0x38, 0xb3, 0xfb, 
  0xd7, 0x08, 0x10, 0x27, 0xf7, 0x0a, 0x08, 0xec, 0xba, 0xc9, 0x37, 0xa2, 
  0xa4, 0x15, 0x55, 0x0d, 0xd3, 0xbe, 0xcb, 0x09, 0xf6, 0x12, 0x4d, 0x10, 
  0x2d, 0x15, 0x0a, 0xe8, 0x14, 0x28, 0x0e, 0x1c, 0xf7, 0x1a, 0x13, 0xfa, 
  0xad, 0xf4, 0xe3, 0x3a, 0xde, 0x15, 0x1c, 0x23, 0xd3, 0x12, 0x0d, 0xfa, 
  0xcd, 0xea, 0x2f, 0x04, 0xbb, 0xe5, 0x01, 0xe3, 0xe2, 0xdb, 0x18, 0xe5, 
  0xfa, 0xe5, 0x51, 0xdf, 0xd0, 0xb2, 0xc7, 0x3e, 0x43, 0x08, 0x3a, 0x2e, 
  0x36, 0xe1, 0x19, 0xc9, 0x1d, 0xef, 0x17, 0x1e, 0x2e, 0x0b, 0xf5, 0x10, 
  0xa7, 0x07, 0xf8, 0xe2, 0xf9, 0x01, 0x37, 0x2e, 0xf8, 0xf7, 0xc8, 0x10, 
  0xd3, 0xff, 0x2e, 0xc8, 0xe7, 0x1e, 0xea, 0xc1, 0xdb, 0x17, 0x44, 0xc5, 
  0xc8, 0x46, 0x45, 0x01, 0x08, 0xb0, 0xd5, 0xe0, 0xed, 0xec, 0x5f, 0x18, 
  0xfd, 0x15, 0x16, 0xef, 0x46, 0x2d, 0xe5, 0xc4, 0xf1, 0x2c, 0xcb, 0xcd, 
  0x11, 0x23, 0xd1, 0x3c, 0xf3, 0xe2, 0x18, 0xfd, 0xd4, 0x31, 0xe7, 0xbf, 
  0xe9, 0xf1, 0x22, 0x0d, 0xc8, 0xf6, 0x03, 0xd5, 0x14, 0x3c, 0x02, 0xe5, 
  0xab, 0x3c, 0x3c, 0xd8, 0x0e, 0xa1, 0x27, 0x29, 0xe6, 0xf5, 0x69, 0x2f, 
  0x2f, 0xd8, 0xff, 0xf2, 0x2e, 0x16, 0x00, 0xd3, 0x22, 0x00, 0xf1, 0x35, 
  0xb7, 0x1a, 0xe4, 0x28, 0x1c, 0xeb, 0x0a, 0x1f, 0xce, 0x2e, 0xc5, 0xd5, 
  0xe4, 0xe0, 0x0a, 0xd7, 0xe6, 0xfb, 0x00, 0xf6, 0xec, 0xec, 0x1c, 0xd4, 
  0xda, 0x61, 0x0a, 0xd1, 0x19, 0xb4, 0xdf, 0x32, 0x0e, 0x1a, 0x4d, 0x2a, 
  0xfd, 0xc5, 0x17, 0xdc, 0x3f, 0x25, 0x15, 0xf9, 0xde, 0x2f, 0x2f, 0x34, 
  0xff, 0x2b, 0xc7, 0xe1, 0x07, 0x38, 0x13, 0x1a, 0xfb, 0xfe, 0xf7, 0x21, 
  0xda, 0xd4, 0x1f, 0xf6, 0xba, 0xc7, 0xd0, 0xea, 0x01, 0x05, 0x1f, 0xec, 
  0xeb, 0x2b, 0x2c, 0xc0, 0x17, 0xa5, 0x13, 0xd5, 0x23, 0xe4, 0x60, 0x2f, 
  0x2c, 0x11, 0x12, 0xdd, 0x64, 0x01, 0xed, 0x10, 0xfc, 0x14, 0xf1, 0xf9, 
  0xfd, 0x39, 0xd3, 0xf6, 0xee, 0x0c, 0x38, 0xfd, 0xe5, 0xec, 0x15, 0xc3, 
  0xc8, 0xe2, 0x2c, 0x24, 0xbb, 0x02, 0x00, 0xfc, 0x19, 0xfc, 0x01, 0xd5, 
  0xa9, 0x04, 0x3f, 0x25, 0xb4, 0xbf, 0xfc, 0xf3, 0x0a, 0xfd, 0x48, 0x1f, 
  0x55, 0x2f, 0x08, 0xde, 0x04, 0xd7, 0xff, 0xff, 0x16, 0xfd, 0xff, 0xff, 
  0x04, 0x00, 0x00, 0x00, 0x40, 0x00, 0x00, 0x00, 0x22, 0x00, 0x00, 0x00, 
  0xed, 0xff, 0xff, 0xff, 0x34, 0x00, 0x00, 0x00, 0x22, 0x00, 0x00, 0x00, 
  0x20, 0x00, 0x00, 0x00, 0x0d, 0x00, 0x00, 0x00, 0xfa, 0xff, 0xff, 0xff, 
  0xfb, 0xff, 0xff, 0xff, 0x15, 0x00, 0x00, 0x00, 0x2d, 0x00, 0x00, 0x00, 
  0x36, 0x00, 0x00, 0x00, 0xfb, 0xff, 0xff, 0xff, 0xf3, 0xff, 0xff, 0xff, 
  0x00, 0x00, 0x00, 0x00, 0x25, 0x00, 0x00, 0x00, 0x3d, 0x00, 0x00, 0x00, 
  0x62, 0xfd, 0xff, 0xff, 0x04, 0x00, 0x00, 0x00, 0x00, 0x02, 0x00, 0x00, 
  0x57, 0x0a, 0x44, 0x1b, 0xda, 0xf3, 0x10, 0x1d, 0xf5, 0xe7, 0x2c, 0xa7, 
  0xea, 0xa9, 0xee, 0x26, 0x37, 0x13, 0xf1, 0x4f, 0xc9, 0xa4, 0xc5, 0xc7, 
  0xb1, 0xff, 0x4a, 0x39, 0xfd, 0xd2, 0x11, 0x35, 0x1f, 0x49, 0x45, 0x08, 
  0x4b, 0xa6, 0x01, 0x54, 0xd8, 0x1f, 0x1f, 0xbc, 0x23, 0x00, 0xdf, 0x61, 
  0x30, 0x56, 0xce, 0x51, 0xf6, 0x0e, 0x9f, 0xea, 0xc5, 0xff, 0x45, 0x46, 
  0xc9, 0x4f, 0x3b, 0xdc, 0x59, 0xad, 0x4c, 0xbc, 0xcd, 0xd4, 0x27, 0x38, 
  0x11, 0xc3, 0xbc, 0xc2, 0xd0, 0xfd, 0x41, 0xf9, 0xf2, 0x18, 0x30, 0xb7, 
  0xc8, 0xdb, 0x11, 0x34, 0x1a, 0xad, 0x44, 0xfa, 0x30, 0x24, 0xc3, 0x58, 
  0x1f, 0xc1, 0xb2, 0x0d, 0x36, 0x3c, 0xc4, 0xb2, 0xf2, 0x49, 0x90, 0xbf, 
  0x57, 0xa0, 0xf6, 0x3e, 0x46, 0xb4, 0x0d, 0xbc, 0x05, 0xfd, 0x39, 0x3c, 
  0xd3, 0x0d, 0x33, 0xb1, 0xba, 0x0c, 0x0a, 0xf9, 0x5b, 0x07, 0xc7, 0xb6, 
  0xfa, 0x46, 0xd8, 0xdc, 0x34, 0x09, 0xf1, 0x56, 0x2e, 0xde, 0x5c, 0xf3, 
  0xdd, 0xcf, 0xec, 0xec, 0x39, 0x4d, 0xed, 0x34, 0x16, 0xc3, 0x08, 0x19, 
  0xd7, 0xf2, 0xe4, 0xe6, 0xa3, 0x5b, 0x1a, 0x4a, 0xd8, 0x59, 0xe2, 0x1a, 
  0xe5, 0x23, 0x29, 0xee, 0x54, 0xe1, 0x31, 0xcf, 0xf8, 0xa8, 0x19, 0xbe, 
  0xda, 0x1f, 0xfc, 0xcb, 0x31, 0xb8, 0x59, 0xca, 0xe3, 0x29, 0x2b, 0x22, 
  0x54, 0x23, 0x0c, 0xd3, 0xf2, 0xea, 0x3a, 0xea, 0xc5, 0x50, 0x0e, 0xe9, 
  0xdc, 0xf8, 0x10, 0xa8, 0x1e, 0xc8, 0x5e, 0x2f, 0xce, 0xef, 0x0e, 0xc8, 
  0xf9, 0xd6, 0x29, 0xf1, 0x5a, 0x5d, 0x0e, 0xab, 0xc5, 0x5e, 0x10, 0x26, 
  0xe6, 0x52, 0xcf, 0xc4, 0xd5, 0x11, 0xa4, 0xc1, 0xb6, 0x00, 0x0f, 0xd1, 
  0xfe, 0xf5, 0xe6, 0x10, 0xfa, 0xa8, 0xee, 0xa6, 0xde, 0x35, 0x11, 0xe7, 
  0xc9, 0x1a, 0xd3, 0xdb, 0xe7, 0xfd, 0xb3, 0x4b, 0xd3, 0xe8, 0xd6, 0xd4, 
  0xb7, 0xd8, 0xcc, 0xc1, 0xdb, 0xb2, 0x41, 0x34, 0x2e, 0x46, 0xba, 0xf5, 
  0x6c, 0x57, 0xd1, 0x3e, 0x1b, 0xb2, 0x43, 0x40, 0x49, 0xb5, 0x22, 0xb2, 
  0xc2, 0x10, 0x19, 0x43, 0xb5, 0xaf, 0x1f, 0x24, 0x10, 0xcd, 0x49, 0x08, 
  0xfa, 0xfb, 0x15, 0x10, 0xd3, 0x5e, 0x4b, 0x14, 0x3f, 0x40, 0xe3, 0x22, 
  0x3b, 0x2a, 0x08, 0x25, 0x0d, 0xbb, 0x49, 0x1c, 0x58, 0x20, 0xc5, 0xe7, 
  0x7a, 0x16, 0xeb, 0xcd, 0xbc, 0xe3, 0xba, 0xe1, 0xec, 0xb3, 0x44, 0x48, 
  0xdf, 0xe5, 0x0c, 0xdb, 0x35, 0x53, 0xa2, 0xc1, 0xfd, 0x0e, 0x0a, 0x5a, 
  0x63, 0x31, 0x42, 0x12, 0x1e, 0xf7, 0x19, 0x45, 0x13, 0x00, 0x2a, 0x2d, 
  0x18, 0xee, 0xe6, 0x1e, 0x47, 0xac, 0x37, 0xbc, 0xc1, 0x3d, 0x07, 0x0b, 
  0x0e, 0x28, 0x45, 0xf6, 0x48, 0x12, 0xf1, 0x1e, 0x4b, 0x9d, 0x59, 0x4a, 
  0xb2, 0x49, 0xc2, 0xa6, 0xe5, 0xe5, 0xb2, 0xd2, 0x13, 0x1f, 0x40, 0xbe, 
  0xda, 0xb6, 0x3a, 0x61, 0xfb, 0x5c, 0x13, 0xae, 0xec, 0x43, 0x58, 0x30, 
  0x3c, 0xc1, 0xef, 0x03, 0x33, 0xcc, 0xe7, 0x58, 0x04, 0xc1, 0x3a, 0xf7, 
  0xe0, 0xb3, 0x1e, 0xbb, 0xa9, 0xf8, 0xe2, 0x45, 0xb4, 0xb7, 0x17, 0xc9, 
  0x1c, 0x23, 0xfc, 0xae, 0x4e, 0x1a, 0xab, 0xbb, 0xb3, 0x31, 0xe0, 0x5b, 
  0x38, 0xa8, 0xe8, 0xee, 0x09, 0x47, 0x41, 0xd4, 0x35, 0xc5, 0xf0, 0xfa, 
  0xc3, 0xbe, 0x01, 0xb4, 0x65, 0x00, 0xc6, 0x31, 0x44, 0x35, 0xcf, 0xd3, 
  0xa5, 0xe4, 0x26, 0xc2, 0xe4, 0x2f, 0xe3, 0xe8, 0x59, 0x60, 0x19, 0x3f, 
  0xc4, 0x0f, 0xe8, 0x4d, 0xaf, 0x3d, 0xfe, 0xe2, 0x3a, 0xaf, 0xc4, 0x53, 
  0xef, 0x32, 0xbc, 0x43, 0x2d, 0xd2, 0xfb, 0xc1, 0x63, 0x19, 0x81, 0xdc, 
  0x2d, 0xca, 0x3d, 0xbd, 0xe3, 0x03, 0x10, 0x24, 0x60, 0xd9, 0xff, 0xff, 
  0x72, 0xff, 0xff, 0xff, 0x04, 0x00, 0x00, 0x00, 0x80, 0x00, 0x00, 0x00, 
  0xec, 0xff, 0xff, 0xff, 0x98, 0xff, 0xff, 0xff, 0xc5, 0xff, 0xff, 0xff, 
  0x51, 0x00, 0x00, 0x00, 0x1f, 0x00, 0x00, 0x00, 0x88, 0x00, 0x00, 0x00, 
  0x1f, 0x00, 0x00, 0x00, 0x00, 0x00, 0x00, 0x00, 0x80, 0x00, 0x00, 0x00, 
  0xe0, 0xff, 0xff, 0xff, 0xf1, 0xff, 0xff, 0xff, 0xd2, 0xff, 0xff, 0xff, 
  0xca, 0x00, 0x00, 0x00, 0xd9, 0x00, 0x00, 0x00, 0x28, 0x00, 0x00, 0x00, 
  0x2c, 0x00, 0x00, 0x00, 0xf3, 0xff, 0xff, 0xff, 0x00, 0x01, 0x00, 0x00, 
  0xf2, 0xff, 0xff, 0xff, 0xd1, 0xff, 0xff, 0xff, 0xe7, 0x00, 0x00, 0x00, 
  0xf7, 0xff, 0xff, 0xff, 0xeb, 0x00, 0x00, 0x00, 0x85, 0x00, 0x00, 0x00, 
  0xd1, 0xff, 0xff, 0xff, 0x4f, 0x00, 0x00, 0x00, 0x13, 0x01, 0x00, 0x00, 
  0xa5, 0xff, 0xff, 0xff, 0x4d, 0x00, 0x00, 0x00, 0xd3, 0x00, 0x00, 0x00, 
  0x00, 0x00, 0x00, 0x00, 0x7f, 0xff, 0xff, 0xff, 0x00, 0x00, 0x06, 0x00, 
  0x08, 0x00, 0x04, 0x00, 0x06, 0x00, 0x00, 0x00, 0x04, 0x00, 0x00, 0x00, 
  0x80, 0x25, 0x00, 0x00, 0xd8, 0x37, 0xc4, 0xe2, 0x3b, 0xfe, 0xaa, 0xe0, 
  0x02, 0x26, 0xa7, 0x36, 0x31, 0xf1, 0x4f, 0x3d, 0xfc, 0x2d, 0xa9, 0x36, 
  0xcc, 0x2d, 0x55, 0xf9, 0xd0, 0x4f, 0xf0, 0x1f, 0xf0, 0xe8, 0xc5, 0x44, 
  0x52, 0x48, 0xb9, 0x41, 0xb2, 0x1f, 0x3b, 0x2b, 0x06, 0xad, 0x49, 0xe3, 
  0x22, 0x33, 0x56, 0x33, 0xa8, 0x48, 0x03, 0xfe, 0xad, 0xb1, 0x51, 0xcd, 
  0x3a, 0x51, 0x0d, 0x30, 0x49, 0xce, 0xfa, 0xf9, 0xd6, 0xd9, 0x16, 0x16, 
  0x4f, 0xde, 0x28, 0x07, 0x38, 0xf1, 0xae, 0xc9, 0xb4, 0x45, 0x53, 0xce, 
  0xf4, 0xcb, 0xcd, 0xf5, 0xbd, 0x44, 0xee, 0x33, 0x08, 0x0c, 0x43, 0x49, 
  0x30, 0xc0, 0xea, 0x36, 0x03, 0xd7, 0xe4, 0x22, 0x07, 0xc1, 0xf0, 0xf9, 
  0x40, 0x41, 0x1b, 0xb2, 0xaf, 0xbe, 0xaf, 0x55, 0x19, 0xcf, 0xfe, 0xf3, 
  0x2f, 0xdf, 0xd7, 0xf6, 0xe8, 0x08, 0x50, 0xc7, 0x12, 0xe6, 0xc6, 0x1d, 
  0x51, 0x27, 0xeb, 0x0d, 0xbd, 0xe5, 0x24, 0xc4, 0x2b, 0x02, 0xaf, 0xfb, 
  0x06, 0xf1, 0x22, 0x30, 0x0b, 0xe7, 0xc6, 0x50, 0xfd, 0xe4, 0x1e, 0xd2, 
  0x12, 0xca, 0xfd, 0x06, 0x4e, 0x3e, 0xcf, 0x02, 0x04, 0xf5, 0xf6, 0xac, 
  0x28, 0x3b, 0xd4, 0x4e, 0xf4, 0x3a, 0x0c, 0xc8, 0xf8, 0xff, 0x01, 0xfb, 
  0xd9, 0xd2, 0x44, 0xf3, 0xbb, 0x4a, 0x13, 0x40, 0x3c, 0xc1, 0xdc, 0xe6, 
  0x3a, 0xba, 0xbe, 0x38, 0xa7, 0xc0, 0xcb, 0x2b, 0x3d, 0x33, 0xf9, 0x0b, 
  0x01, 0xed, 0x03, 0x28, 0x09, 0xd3, 0xd3, 0xdd, 0xac, 0xac, 0xcf, 0x24, 
  0x0e, 0xe2, 0x33, 0x2a, 0xe7, 0xbc, 0xf9, 0xcf, 0x38, 0xae, 0xfc, 0xe1, 
  0x0b, 0x46, 0xed, 0x56, 0xfb, 0xe1, 0xe3, 0x18, 0x00, 0x40, 0xff, 0xec, 
  0xd9, 0x27, 0xec, 0xec, 0xcf, 0xe7, 0x07, 0x30, 0x2e, 0xd9, 0xe6, 0x15, 
  0xaf, 0x13, 0x3d, 0x0e, 0x34, 0x4d, 0x18, 0xcf, 0xee, 0xf4, 0x2e, 0xf1, 
  0xcb, 0xeb, 0x0a, 0xc5, 0xa8, 0x0c, 0x26, 0xe9, 0xd6, 0xe6, 0x32, 0xbd, 
  0x16, 0xb9, 0x2c, 0x1a, 0xbe, 0xd9, 0x39, 0xd4, 0xb6, 0xfa, 0xa9, 0x50, 
  0xf2, 0xfb, 0xf6, 0xf1, 0xe4, 0x47, 0xba, 0xab, 0x1b, 0x47, 0xcf, 0x0d, 
  0x48, 0xde, 0x45, 0x12, 0x42, 0xda, 0x20, 0x25, 0xb4, 0x3f, 0xa7, 0xbb, 
  0xdf, 0xc0, 0x58, 0x11, 0xb3, 0x07, 0xcd, 0xe4, 0x10, 0xfe, 0xc7, 0x34, 
  0x42, 0x0f, 0x00, 0x29, 0xea, 0x39, 0xc0, 0x9f, 0x24, 0x0e, 0xee, 0x21, 
  0xf4, 0x12, 0xe0, 0x19, 0x46, 0x48, 0x05, 0xc0, 0x2e, 0x00, 0xa0, 0xd6, 
  0xa7, 0x38, 0xec, 0x08, 0x0f, 0xba, 0x15, 0xa3, 0xb9, 0xb6, 0xbe, 0x1b, 
  0xd3, 0xd5, 0x1e, 0x1b, 0x28, 0x07, 0xad, 0xbc, 0x4e, 0xf7, 0x26, 0xbb, 
  0x01, 0x3d, 0xd4, 0xca, 0x9e, 0x5f, 0x09, 0xc5, 0xc7, 0xd9, 0xf6, 0x34, 
  0xcb, 0xbd, 0xfc, 0xbd, 0xfa, 0x3b, 0xb1, 0xc6, 0xb8, 0x22, 0xc4, 0xc4, 
  0xff, 0x32, 0x40, 0x07, 0x1f, 0x0b, 0xca, 0x4c, 0x0c, 0x52, 0x0f, 0xc7, 
  0xc3, 0x3a, 0xb9, 0x4f, 0x36, 0xbb, 0xdf, 0xbb, 0x0c, 0x1b, 0x0d, 0x2d, 
  0xec, 0x21, 0xb8, 0xb7, 0x20, 0x49, 0x4e, 0x4d, 0x33, 0xfc, 0x3b, 0x53, 
  0x3b, 0xf2, 0x0f, 0x29, 0x2f, 0xfd, 0x2d, 0x3c, 0x18, 0x3a, 0xd6, 0xdc, 
  0x0f, 0xab, 0x5b, 0x32, 0xd2, 0x05, 0xed, 0x44, 0xdc, 0xc4, 0xcf, 0xe6, 
  0x06, 0xa7, 0x37, 0x2c, 0xd1, 0xe7, 0xde, 0xe3, 0xfb, 0xd4, 0xb7, 0x14, 
  0xb4, 0xc0, 0xc7, 0xef, 0x24, 0x30, 0xb6, 0x4b, 0x10, 0x21, 0xd8, 0x60, 
  0x04, 0xfb, 0xbc, 0x25, 0xd2, 0xf2, 0xbd, 0x1a, 0xde, 0x2c, 0xd9, 0xf5, 
  0x18, 0xf8, 0xcd, 0xac, 0x12, 0xfd, 0xf7, 0x38, 0x0a, 0x27, 0x32, 0xec, 
  0xb1, 0xe5, 0xdf, 0xf5, 0xa8, 0x45, 0x3e, 0xb2, 0xd7, 0x37, 0xc6, 0x18, 
  0x05, 0xc6, 0xf0, 0xf3, 0xd8, 0xd7, 0x19, 0xa4, 0x50, 0xbb, 0x20, 0x50, 
  0xde, 0xd5, 0x1a, 0xee, 0x03, 0xf8, 0xda, 0x29, 0x03, 0xfe, 0xcf, 0x28, 
  0xc4, 0xcc, 0xe9, 0x15, 0x2d, 0x37, 0x2a, 0x10, 0xb3, 0xec, 0x4b, 0x04, 
  0x1d, 0xe6, 0x08, 0xd2, 0xea, 0x02, 0xba, 0x1c, 0xd8, 0xbf, 0x2a, 0x23, 
  0xfb, 0xd0, 0xfa, 0xc8, 0xaa, 0xfe, 0x38, 0x22, 0x13, 0x1f, 0xa4, 0xc7, 
  0x18, 0x4e, 0x19, 0x2d, 0xba, 0xe7, 0x17, 0x4c, 0xe6, 0x32, 0x38, 0xd7, 
  0xc3, 0x10, 0xb7, 0xc3, 0xd0, 0x0b, 0x41, 0xcc, 0x4f, 0x0d, 0xa3, 0xd8, 
  0xcb, 0x17, 0xb3, 0x07, 0xce, 0xe7, 0x4c, 0xd7, 0x53, 0x1b, 0xfb, 0xc0, 
  0x2f, 0x3b, 0xd2, 0xc2, 0xf3, 0x25, 0xd3, 0x23, 0xe1, 0x49, 0xb6, 0x2f, 
  0xba, 0xa4, 0xc9, 0xd5, 0x4e, 0x21, 0x02, 0x24, 0x5b, 0xcb, 0x03, 0xba, 
  0x21, 0x29, 0x21, 0xf8, 0x09, 0xb1, 0xf8, 0xe7, 0x23, 0x1f, 0xce, 0xea, 
  0x4f, 0xca, 0x5c, 0x44, 0x4c, 0xbf, 0x0e, 0x35, 0x47, 0x51, 0xa4, 0xce, 
  0x17, 0xe9, 0x3f, 0x20, 0xd6, 0x52, 0xd0, 0xdf, 0xd1, 0xf1, 0x51, 0x56, 
  0xb3, 0x3e, 0x1f, 0x39, 0x44, 0xe9, 0x03, 0xe6, 0x04, 0x1a, 0xfc, 0x27, 
  0x00, 0xe0, 0xc6, 0xa9, 0x0b, 0x49, 0xd2, 0xee, 0x04, 0xce, 0x2f, 0xe0, 
  0x33, 0xda, 0x17, 0xb1, 0xb1, 0xd2, 0x19, 0x2c, 0x4b, 0xd7, 0x4f, 0xb9, 
  0x4a, 0xa7, 0x25, 0x1e, 0xe2, 0xfb, 0xf6, 0x24, 0xf9, 0x09, 0x14, 0x10, 
  0x24, 0x50, 0x13, 0x2d, 0xd8, 0x28, 0x11, 0x3c, 0x25, 0x2e, 0x01, 0xed, 
  0x10, 0x08, 0x38, 0xd0, 0x47, 0xca, 0xc8, 0x11, 0x2e, 0x0d, 0xee, 0xd2, 
  0x4b, 0xb2, 0xd1, 0x43, 0xed, 0xed, 0xdb, 0xd6, 0x39, 0xe7, 0xaf, 0x55, 
  0xd0, 0x18, 0xfb, 0x12, 0xb4, 0xd1, 0xb0, 0x16, 0xfb, 0xe1, 0x4e, 0x4f, 
  0xb1, 0xd1, 0xe9, 0xc0, 0x1a, 0x12, 0x10, 0xb2, 0xc7, 0xc1, 0x40, 0x14, 
  0x3f, 0xad, 0x49, 0xd8, 0x11, 0x36, 0x4e, 0x0f, 0x10, 0xc2, 0x3d, 0x57, 
  0xdf, 0x3e, 0xc3, 0xcb, 0xaa, 0xcf, 0x37, 0x09, 0x0f, 0x03, 0x41, 0xad, 
  0xc7, 0x2d, 0xfd, 0x2e, 0x09, 0x0c, 0xd8, 0xf1, 0xc5, 0x43, 0x25, 0xf3, 
  0xd3, 0xd0, 0x15, 0x0b, 0x3e, 0xe4, 0xd4, 0x40, 0x19, 0xae, 0xfd, 0x27, 
  0x01, 0x50, 0x51, 0x4f, 0xd9, 0x26, 0x5c, 0x00, 0xbe, 0x49, 0x19, 0x3c, 
  0xb6, 0xe9, 0xf0, 0xc9, 0x29, 0xdc, 0xdb, 0x20, 0x0d, 0x1f, 0x2b, 0xe8, 
  0x1c, 0x1f, 0x1d, 0xf4, 0x0a, 0xb1, 0xbb, 0x03, 0x22, 0x45, 0xf6, 0xdb, 
  0xc2, 0x0e, 0xc8, 0x02, 0xc9, 0x5c, 0x2d, 0xb0, 0xdd, 0x09, 0x0e, 0x27, 
  0xe1, 0xe6, 0x4c, 0xd0, 0xb2, 0xcc, 0x3b, 0x1c, 0x5c, 0xe6, 0x26, 0x12, 
  0xc8, 0x19, 0x43, 0xba, 0xf2, 0xbd, 0xf0, 0x3f, 0x30, 0xdf, 0xc6, 0x1d, 
  0xdb, 0xb5, 0xc2, 0xcd, 0xcb, 0x3e, 0xd7, 0xd1, 0xd6, 0x3d, 0x23, 0xa7, 
  0xc7, 0x04, 0x3a, 0x1f, 0xf0, 0xfc, 0xc6, 0xc6, 0x35, 0xcc, 0xad, 0xd7, 
  0xcd, 0x27, 0xf3, 0xf0, 0x07, 0x25, 0xeb, 0xc9, 0x20, 0x08, 0xf8, 0x12, 
  0xe6, 0xf7, 0xb9, 0x25, 0x2a, 0xa5, 0xaf, 0x37, 0xce, 0xc0, 0x24, 0x3a, 
  0x27, 0x16, 0xd6, 0x2f, 0xfa, 0x06, 0x09, 0xdf, 0xdf, 0x11, 0x1f, 0xe5, 
  0xfe, 0x02, 0x1a, 0x1a, 0xd2, 0x26, 0x06, 0x12, 0x2e, 0xb8, 0x04, 0x2e, 
  0x20, 0x33, 0xca, 0xe0, 0x39, 0xde, 0x3f, 0x2f, 0x0d, 0x31, 0x18, 0xee, 
  0x0e, 0x28, 0x31, 0xd8, 0xbb, 0xbf, 0xd7, 0x13, 0x34, 0xfc, 0xfb, 0x35, 
  0xc5, 0xef, 0x40, 0x10, 0xd2, 0xda, 0xf4, 0xfe, 0x0a, 0xbe, 0x4f, 0x1d, 
  0x07, 0x30, 0xa3, 0xd8, 0xf9, 0xb9, 0x06, 0xc9, 0xe8, 0x4d, 0xf0, 0xe4, 
  0xcc, 0xfe, 0xc6, 0x15, 0x4f, 0x21, 0x35, 0x2b, 0xed, 0x2a, 0xcd, 0xc5, 
  0xe8, 0xc7, 0x05, 0xea, 0x37, 0xac, 0xc2, 0x14, 0x4a, 0x0c, 0x3f, 0x15, 
  0xdc, 0xe1, 0x41, 0xff, 0x3d, 0x1c, 0x25, 0x07, 0x02, 0xf6, 0xbf, 0xa8, 
  0xe4, 0xf1, 0x01, 0x0f, 0x23, 0xee, 0xe9, 0xe6, 0xfb, 0xb1, 0x1f, 0xa0, 
  0xaf, 0xd6, 0x3e, 0xfb, 0x44, 0x1b, 0xef, 0x4b, 0x40, 0xd9, 0xe9, 0x14, 
  0xdd, 0xc5, 0xcf, 0xc1, 0xf5, 0xfb, 0xe5, 0xe7, 0xe7, 0x11, 0x0a, 0xda, 
  0xfa, 0x13, 0xcb, 0x1b, 0xe6, 0x2a, 0x07, 0x01, 0x2f, 0xf7, 0x0f, 0x3c, 
  0xb3, 0xfd, 0x44, 0xd4, 0x14, 0xd9, 0xed, 0xdb, 0x22, 0xaa, 0x02, 0xbd, 
  0xc7, 0x29, 0xb3, 0x35, 0x23, 0x40, 0x20, 0xfd, 0xb3, 0x13, 0x31, 0xca, 
  0xb6, 0xc5, 0x51, 0x36, 0xc0, 0xc7, 0x21, 0x3a, 0x07, 0xb3, 0x13, 0xbe, 
  0x37, 0x3f, 0x0a, 0xbc, 0xc0, 0x40, 0xe4, 0x01, 0xb0, 0x05, 0xa5, 0x35, 
  0x29, 0xd5, 0xf2, 0x12, 0x34, 0xb6, 0xb7, 0x04, 0xcf, 0xda, 0x11, 0xbc, 
  0xcf, 0x2a, 0xce, 0xd4, 0x23, 0xc9, 0xdc, 0x1d, 0x2d, 0x0e, 0xab, 0xdf, 
  0x1d, 0xc9, 0x0b, 0xd8, 0xe2, 0xb2, 0xb2, 0xc0, 0x30, 0x12, 0x0f, 0xb0, 
  0xf5, 0xaf, 0xc9, 0x93, 0x17, 0xd6, 0xd9, 0x05, 0xc6, 0xb5, 0x03, 0xee, 
  0x0e, 0x1e, 0x40, 0x09, 0xe5, 0xca, 0xbe, 0xb6, 0x0f, 0x09, 0x3c, 0xd4, 
  0x26, 0xec, 0xf7, 0xfe, 0xc0, 0xb4, 0x25, 0xd3, 0x34, 0x0c, 0xd7, 0xf3, 
  0x52, 0x2a, 0xff, 0xd5, 0x0a, 0xed, 0x54, 0xc9, 0xae, 0xfe, 0xf1, 0xd4, 
  0x0a, 0x10, 0xc0, 0x40, 0x00, 0x37, 0x33, 0xb3, 0x3e, 0x12, 0xd7, 0x2f, 
  0xf6, 0x22, 0xe8, 0x56, 0x42, 0x3c, 0x54, 0xe0, 0xd2, 0x31, 0x15, 0xca, 
  0xba, 0x03, 0xef, 0x06, 0x41, 0xe0, 0xd0, 0xfa, 0x4a, 0xda, 0x10, 0xf7, 
  0x38, 0xf7, 0x1e, 0x2c, 0x35, 0xb0, 0xe8, 0x38, 0xe0, 0x33, 0x4f, 0xad, 
  0xd8, 0xd1, 0xf9, 0x18, 0x23, 0xa9, 0xe1, 0xe8, 0x43, 0xb5, 0xca, 0xec, 
  0xd0, 0xff, 0xf3, 0x10, 0xb1, 0xe3, 0xd0, 0xfb, 0xd0, 0xaf, 0x0c, 0xeb, 
  0x1e, 0x25, 0xfc, 0x27, 0xd6, 0x3d, 0xae, 0xdf, 0x1a, 0xb5, 0x17, 0xb1, 
  0x36, 0xf8, 0x0a, 0xdd, 0x24, 0xed, 0xfe, 0x45, 0xf5, 0x23, 0x4b, 0x07, 
  0xfb, 0x38, 0xd1, 0x46, 0xdd, 0xb3, 0xfb, 0xfc, 0x2e, 0x07, 0x54, 0xe2, 
  0xc4, 0xf9, 0xec, 0xbd, 0x28, 0x41, 0x29, 0xc9, 0x50, 0x2e, 0x12, 0xba, 
  0xf3, 0xc0, 0xe4, 0xf6, 0x15, 0x25, 0xad, 0xd0, 0x39, 0x08, 0xc6, 0x3b, 
  0xaa, 0xd9, 0x4c, 0x28, 0x46, 0x06, 0x01, 0x18, 0xc0, 0xe4, 0x4e, 0xef, 
  0x16, 0x28, 0x50, 0xa7, 0x0c, 0xfa, 0x1d, 0xdb, 0xaa, 0x10, 0x11, 0xb2, 
  0x40, 0x16, 0xf2, 0xf3, 0x4a, 0xf4, 0xc7, 0x2e, 0x1e, 0xf4, 0x20, 0xf3, 
  0xb3, 0x00, 0xd5, 0x37, 0x43, 0x53, 0xb6, 0xde, 0x0a, 0x23, 0x0f, 0xe1, 
  0xea, 0x2b, 0xe0, 0xf7, 0xe2, 0x4c, 0x1f, 0x2b, 0x0b, 0x23, 0x30, 0x48, 
  0x10, 0xf0, 0xfa, 0xd5, 0xce, 0xff, 0x32, 0xd3, 0x07, 0xda, 0xb9, 0x2a, 
  0x4d, 0xd4, 0xf7, 0x12, 0x48, 0x2a, 0x35, 0xdb, 0x4c, 0xfe, 0xe7, 0xb2, 
  0xa8, 0x53, 0x34, 0xe7, 0xc1, 0x42, 0x0b, 0x4d, 0xf8, 0x4b, 0xce, 0xe5, 
  0xfa, 0x1a, 0x06, 0x4d, 0xf1, 0xb3, 0x2c, 0x1b, 0xb8, 0x42, 0xfa, 0x49, 
  0xda, 0xb9, 0xda, 0xe6, 0xdc, 0xe7, 0x1c, 0x2d, 0x1d, 0x3d, 0x44, 0x30, 
  0x1d, 0xd5, 0xb2, 0x21, 0x0b, 0xbd, 0xef, 0xb8, 0xd5, 0xf9, 0xba, 0x4d, 
  0xc9, 0xb1, 0x39, 0x54, 0x0e, 0xc7, 0xec, 0xc2, 0xec, 0xcf, 0x24, 0x08, 
  0x9d, 0xb8, 0xea, 0x1e, 0xe8, 0xb0, 0x1d, 0xd4, 0x37, 0xce, 0x03, 0xec, 
  0x25, 0xd1, 0xc3, 0x1e, 0x3b, 0xac, 0xef, 0x27, 0xa9, 0x18, 0x26, 0xe1, 
  0x08, 0x3c, 0xcc, 0xfd, 0x09, 0x30, 0xb0, 0x03, 0xbf, 0xd5, 0x1f, 0x2a, 
  0x0a, 0x13, 0xdb, 0xe1, 0xdd, 0xf7, 0xf2, 0xdc, 0xad, 0xf5, 0x09, 0xf6, 
  0x2d, 0xe4, 0x15, 0xbb, 0xcf, 0x2e, 0x2b, 0x33, 0xe2, 0x0e, 0xe3, 0x2f, 
  0x13, 0x99, 0x28, 0xe6, 0x99, 0x1b, 0xc9, 0x20, 0xc6, 0x21, 0xec, 0xb2, 
  0xed, 0x10, 0x16, 0xa8, 0x1f, 0xb7, 0xdf, 0xb4, 0xed, 0xfb, 0xe2, 0x24, 
  0xca, 0xe5, 0xd8, 0xbe, 0x31, 0x2f, 0x1b, 0x37, 0xa9, 0xcf, 0x08, 0xe9, 
  0xc5, 0x00, 0x40, 0xf9, 0xce, 0xbf, 0xee, 0xdd, 0xf1, 0x2d, 0xa7, 0x9e, 
  0xb0, 0x1b, 0xe3, 0x17, 0xb3, 0xd0, 0xd3, 0x08, 0x07, 0x9a, 0x2c, 0x21, 
  0xa4, 0x28, 0xed, 0x2c, 0xcd, 0x36, 0x1a, 0x36, 0xb0, 0x08, 0xb1, 0x3d, 
  0xed, 0x33, 0xf1, 0xe4, 0xf3, 0xea, 0xef, 0x03, 0x1b, 0x01, 0x37, 0xf7, 
  0x94, 0xc3, 0xfd, 0xe1, 0xbd, 0x38, 0xd6, 0x49, 0xcf, 0xd7, 0xe2, 0xb1, 
  0xe3, 0x0c, 0xc9, 0xe3, 0xeb, 0x24, 0x8a, 0x25, 0x32, 0xfc, 0x4a, 0x2d, 
  0xc4, 0xe6, 0xa1, 0xb9, 0x48, 0x12, 0xc8, 0xc8, 0xfc, 0x9d, 0x0d, 0x34, 
  0xe4, 0xcd, 0x36, 0x99, 0x57, 0xab, 0xf3, 0xd2, 0xf1, 0xf7, 0xc2, 0x1c, 
  0xae, 0xf5, 0xc5, 0xc4, 0x0c, 0x1c, 0xd8, 0xfa, 0xd1, 0xd9, 0x02, 0x49, 
  0xb7, 0xf7, 0xb1, 0x9d, 0x26, 0xfa, 0xec, 0xb8, 0x01, 0x88, 0xd0, 0xfe, 
  0xab, 0xbf, 0xeb, 0xc1, 0x3f, 0x07, 0xb9, 0x18, 0xa1, 0xf6, 0xf5, 0xe8, 
  0x8e, 0x46, 0x1f, 0xd6, 0xf2, 0x3b, 0xfc, 0xf3, 0x27, 0xf5, 0x42, 0xe9, 
  0xcb, 0xd6, 0xa2, 0xf8, 0xb3, 0x2d, 0x92, 0xc0, 0xfa, 0x12, 0xfb, 0xb6, 
  0x84, 0x17, 0xbc, 0xe7, 0xe3, 0xb9, 0xef, 0x35, 0xbf, 0xe0, 0x34, 0xc2, 
  0x04, 0xbb, 0x27, 0xd3, 0xb5, 0x22, 0x8a, 0x1a, 0xf2, 0x9f, 0xd0, 0xec, 
  0xc3, 0xb0, 0xc7, 0xc5, 0xd8, 0xdf, 0xf0, 0xff, 0x27, 0xab, 0xd9, 0x20, 
  0xfd, 0xc7, 0xee, 0xd7, 0x4e, 0xfe, 0x1f, 0xc2, 0xd4, 0x39, 0x3b, 0x37, 
  0xa8, 0x5b, 0xab, 0x07, 0x3a, 0xe0, 0xf2, 0x53, 0x30, 0xe2, 0x3f, 0xfc, 
  0x33, 0xcb, 0x3d, 0xd9, 0xe9, 0x22, 0x37, 0x64, 0x07, 0xd8, 0x56, 0xa8, 
  0x03, 0x1f, 0x13, 0x2e, 0x1e, 0xbd, 0xbf, 0x5c, 0xbb, 0xdc, 0x1c, 0x22, 
  0xb7, 0xf3, 0xfc, 0xcf, 0xee, 0xcc, 0xd7, 0x3b, 0x53, 0xe9, 0x4b, 0x08, 
  0xb0, 0xe0, 0x22, 0xc0, 0xdf, 0x4d, 0xa6, 0xe4, 0xb2, 0xfe, 0xf8, 0xe6, 
  0xc1, 0x6d, 0xe0, 0x2a, 0xf8, 0xac, 0xe0, 0x2b, 0x56, 0xd1, 0x27, 0x06, 
  0xdb, 0x16, 0xbe, 0x84, 0x10, 0xfc, 0x90, 0x0d, 0xb4, 0xed, 0x1a, 0x0d, 
  0xb2, 0xe4, 0x31, 0x2e, 0xf6, 0xe3, 0x8b, 0xdb, 0xf0, 0x0f, 0xe5, 0xb3, 
  0x03, 0x20, 0xae, 0x1d, 0x09, 0x10, 0xd5, 0x68, 0x11, 0xf5, 0x37, 0xb3, 
  0x10, 0xf6, 0xfc, 0x07, 0xf5, 0xdf, 0xd4, 0x04, 0x0b, 0x07, 0xdb, 0x50, 
  0x0d, 0x53, 0xd7, 0xbd, 0x3c, 0x36, 0x18, 0x13, 0x4c, 0xff, 0xf4, 0xad, 
  0x21, 0x28, 0xef, 0x09, 0xd1, 0xc8, 0xb7, 0xdc, 0xf3, 0x21, 0xef, 0xa6, 
  0x1f, 0x45, 0x49, 0x3d, 0xf7, 0x41, 0xbf, 0xd8, 0x4f, 0x30, 0x09, 0x0c, 
  0x4d, 0xcd, 0xa9, 0xb3, 0xcc, 0x22, 0xf4, 0x52, 0x30, 0xad, 0x50, 0xb8, 
  0xe0, 0xbf, 0xad, 0x1e, 0x20, 0xcc, 0x21, 0x48, 0x02, 0x45, 0x0c, 0xc7, 
  0x10, 0x1b, 0xe6, 0x10, 0xed, 0x31, 0x36, 0x24, 0x26, 0xfb, 0x27, 0xad, 
  0xaf, 0xce, 0xf0, 0xf5, 0x57, 0x50, 0x2c, 0xfa, 0x3c, 0x45, 0x19, 0x2c, 
  0x12, 0xb8, 0xef, 0x10, 0x3c, 0xbe, 0x52, 0xb7, 0xa5, 0x13, 0xcd, 0x43, 
  0x4d, 0x2f, 0xc2, 0x1e, 0xce, 0xde, 0x56, 0xbe, 0x23, 0xbd, 0x2b, 0x4f, 
  0x3a, 0x4c, 0xf2, 0xb8, 0x0f, 0xf2, 0xed, 0x2a, 0x48, 0xcd, 0x48, 0xd9, 
  0x05, 0x0c, 0xc8, 0x31, 0x15, 0xff, 0x51, 0x3a, 0xd5, 0xee, 0xc4, 0xf3, 
  0xe4, 0x09, 0x1c, 0x4e, 0xdf, 0x11, 0x48, 0xac, 0x2c, 0xdb, 0x0f, 0x1c, 
  0x32, 0x16, 0xbf, 0x55, 0xc9, 0x2b, 0x3a, 0xd3, 0x37, 0xe7, 0x08, 0xdb, 
  0xc6, 0xb6, 0xe6, 0xc3, 0x45, 0xe8, 0x50, 0xce, 0xed, 0xc3, 0x40, 0x4f, 
  0xfb, 0xce, 0xe6, 0xf0, 0x47, 0x42, 0xd0, 0x04, 0xb2, 0x46, 0xe3, 0xfe, 
  0xa9, 0xe0, 0x13, 0xf4, 0xee, 0xa9, 0x3c, 0xf5, 0x0f, 0x51, 0x4d, 0xfb, 
  0xef, 0x57, 0xd4, 0xe8, 0x43, 0x0e, 0xd5, 0xd3, 0x24, 0xcf, 0x0d, 0xe1, 
  0xe9, 0x1f, 0xba, 0x55, 0x0d, 0x0f, 0xf4, 0x1c, 0x1f, 0x40, 0x09, 0x30, 
  0x26, 0x54, 0x48, 0xdd, 0x02, 0x1b, 0x13, 0xae, 0xfb, 0x51, 0xaa, 0xb2, 
  0x0d, 0xec, 0xeb, 0xbf, 0x41, 0xb3, 0x1b, 0x56, 0x18, 0xc0, 0x54, 0xd2, 
  0x31, 0xf8, 0xeb, 0xae, 0xcc, 0x04, 0x10, 0x24, 0x39, 0x11, 0xaf, 0x40, 
  0x56, 0x4d, 0x53, 0xa9, 0x00, 0xdc, 0x3c, 0x06, 0xaf, 0x2e, 0xef, 0x00, 
  0x27, 0x1b, 0x41, 0xab, 0xe3, 0x48, 0xf5, 0x4c, 0x4f, 0xcc, 0x16, 0xaf, 
  0x15, 0xb8, 0x55, 0x4b, 0xb8, 0x06, 0x10, 0xb0, 0x09, 0x41, 0xdd, 0xcf, 
  0x22, 0x0d, 0xcd, 0x47, 0x3b, 0x26, 0xe8, 0xab, 0xd8, 0x0f, 0xec, 0xc3, 
  0xfb, 0xc1, 0x34, 0x4f, 0xf8, 0xb4, 0x36, 0x0f, 0x0d, 0x23, 0xcf, 0x01, 
  0xf9, 0xb9, 0x15, 0xce, 0x35, 0x33, 0x12, 0xfa, 0x32, 0xf9, 0x00, 0x4b, 
  0xa9, 0xf5, 0xe5, 0xe7, 0x1c, 0xc7, 0xad, 0xc8, 0xb8, 0xca, 0xd1, 0x42, 
  0x32, 0x54, 0xc5, 0xc9, 0x4a, 0x06, 0xe0, 0xf8, 0x01, 0x0d, 0x08, 0x3a, 
  0x12, 0x36, 0x47, 0xd5, 0xfd, 0xc9, 0x23, 0x1d, 0x1e, 0x14, 0x24, 0x50, 
  0x01, 0x48, 0x13, 0xdf, 0xff, 0xd4, 0xfa, 0xd2, 0xf3, 0x13, 0x42, 0x49, 
  0xf9, 0x33, 0x46, 0x13, 0x03, 0x1e, 0x15, 0xd0, 0xb8, 0x29, 0xd6, 0x4e, 
  0x21, 0xd0, 0xc7, 0x31, 0x00, 0xe6, 0xe2, 0xc7, 0xfa, 0x30, 0xd7, 0xe6, 
  0x04, 0xb5, 0xd6, 0xc1, 0x40, 0xca, 0xea, 0xe0, 0x34, 0xf3, 0xf3, 0x4c, 
  0xe4, 0xea, 0x2e, 0x4d, 0x48, 0x27, 0x19, 0xec, 0x22, 0xb6, 0xc1, 0x30, 
  0xfd, 0xd9, 0x15, 0xce, 0xac, 0x56, 0x4a, 0xc7, 0x22, 0xbc, 0xd0, 0xb9, 
  0x48, 0x05, 0x06, 0xc4, 0xf4, 0x15, 0xc4, 0x3a, 0x06, 0xca, 0xd1, 0x17, 
  0x42, 0xdc, 0x52, 0xb2, 0x06, 0x38, 0xd4, 0xbb, 0x1b, 0x33, 0x26, 0x47, 
  0xc2, 0xc4, 0x48, 0xc9, 0xd8, 0xdb, 0x27, 0x4b, 0xff, 0xb3, 0xdf, 0x01, 
  0x55, 0xb6, 0xf7, 0xc2, 0x3b, 0xc5, 0xaf, 0x25, 0xbb, 0xc8, 0x43, 0x2f, 
  0xae, 0x10, 0xd2, 0xdd, 0x5a, 0x47, 0x27, 0xff, 0xb1, 0x07, 0x13, 0x4c, 
  0xed, 0x1f, 0x4d, 0xf9, 0x17, 0x0f, 0xb6, 0x63, 0xe6, 0xb9, 0x72, 0x18, 
  0xca, 0x08, 0xeb, 0x32, 0x1f, 0xad, 0xa1, 0x5d, 0x12, 0xc7, 0x13, 0x21, 
  0xaa, 0x3d, 0x00, 0x3b, 0x70, 0xb2, 0x1c, 0x64, 0xda, 0xea, 0x3e, 0x29, 
  0xe5, 0xe2, 0x10, 0x2f, 0x0b, 0x05, 0xff, 0xfc, 0x9d, 0x01, 0x21, 0xa5, 
  0xb3, 0x19, 0xb0, 0x07, 0x37, 0xe9, 0x2e, 0x45, 0xe7, 0x41, 0x1a, 0xe1, 
  0xc0, 0x1d, 0x1a, 0x17, 0x0a, 0xb5, 0xc5, 0xe7, 0x9f, 0xfc, 0xff, 0xd0, 
  0xd5, 0x69, 0xe4, 0x50, 0xc2, 0xa4, 0x57, 0xcf, 0x0e, 0x60, 0x16, 0xc5, 
  0x4e, 0xff, 0xbb, 0x3b, 0x00, 0x42, 0xd5, 0x49, 0xcf, 0xfd, 0xe6, 0xf9, 
  0x2c, 0x02, 0xaa, 0x5b, 0x18, 0xa9, 0x59, 0xd4, 0x35, 0xfa, 0x5e, 0xcc, 
  0x72, 0xfc, 0xe7, 0xd4, 0xd3, 0x9f, 0x19, 0x3b, 0x38, 0x6b, 0xe6, 0x09, 
  0x21, 0xf8, 0x3e, 0xdb, 0xdb, 0x3f, 0xfc, 0xe1, 0x27, 0xf4, 0x3d, 0xec, 
  0x65, 0xee, 0xbe, 0x5b, 0x42, 0xda, 0x40, 0x31, 0xdb, 0x3e, 0x22, 0x49, 
  0x3a, 0xd8, 0x34, 0xf6, 0x68, 0xca, 0x72, 0xdc, 0xc3, 0xed, 0x00, 0xf7, 
  0x53, 0x40, 0xe6, 0x05, 0xbd, 0xa9, 0x35, 0xf8, 0xff, 0x04, 0xfb, 0xaa, 
  0x0c, 0x27, 0xed, 0x0b, 0xdd, 0xee, 0x33, 0xc9, 0x27, 0x6d, 0x24, 0xad, 
  0xf0, 0x23, 0x2f, 0x2a, 0x2d, 0x14, 0x6e, 0xf1, 0x23, 0xc7, 0x3a, 0x17, 
  0xc6, 0xcb, 0x04, 0x44, 0x13, 0xf9, 0x1f, 0x59, 0x33, 0x2c, 0x2d, 0xb1, 
  0x6b, 0x52, 0x06, 0x26, 0x30, 0xd8, 0x28, 0xf6, 0xef, 0xce, 0x10, 0x22, 
  0xe6, 0x08, 0xef, 0x16, 0x6c, 0xa2, 0x33, 0xdd, 0x0f, 0x37, 0x19, 0xd9, 
  0x0e, 0xfe, 0xf7, 0x0a, 0xfc, 0xda, 0xe5, 0x43, 0x35, 0x19, 0x4b, 0xd7, 
  0xd0, 0xd9, 0xea, 0xc5, 0xfd, 0xc1, 0x23, 0xec, 0x1c, 0x09, 0x65, 0x3e, 
  0xe1, 0xeb, 0xfa, 0xf2, 0x68, 0x05, 0x00, 0x50, 0xf0, 0x35, 0x58, 0xc5, 
  0xe4, 0xf8, 0x0d, 0x15, 0xe3, 0x42, 0xce, 0x2d, 0x3c, 0x2f, 0xe3, 0xb3, 
  0xd4, 0xe9, 0xf8, 0xcd, 0xae, 0x00, 0x3a, 0xfb, 0x19, 0xd4, 0x33, 0xc7, 
  0x30, 0xfe, 0x57, 0x47, 0x04, 0x0f, 0x50, 0x3e, 0xcd, 0xd1, 0xbb, 0x1b, 
  0xf8, 0xe3, 0x3a, 0x53, 0xdd, 0x31, 0xda, 0xd0, 0x12, 0x0a, 0x4b, 0xfb, 
  0x51, 0xcf, 0x17, 0x17, 0xb1, 0xf1, 0x43, 0x40, 0xc3, 0xdc, 0xb3, 0x57, 
  0x02, 0xb7, 0xe3, 0x2f, 0xc0, 0xcd, 0xb3, 0x54, 0x13, 0x46, 0x3b, 0x26, 
  0x2d, 0xc1, 0x4e, 0xe4, 0xec, 0xed, 0xd3, 0x4e, 0xff, 0xdd, 0x04, 0xf8, 
  0x2c, 0xe8, 0x4d, 0xa6, 0xd3, 0x56, 0x31, 0xbd, 0x22, 0xf6, 0xb9, 0xdd, 
  0x3d, 0x07, 0x0e, 0x00, 0xc4, 0xc2, 0x3e, 0xe9, 0x08, 0xb1, 0xc9, 0xff, 
  0xeb, 0x08, 0x2f, 0x06, 0x1a, 0x50, 0xfb, 0x1d, 0x50, 0xf5, 0xc9, 0xdc, 
  0xee, 0xd0, 0xfd, 0xb8, 0x44, 0x4d, 0x0b, 0xdf, 0xe3, 0x27, 0xaa, 0x4d, 
  0x34, 0x2f, 0x38, 0x40, 0x2d, 0xc2, 0x27, 0xe2, 0x01, 0xbc, 0xf4, 0xfd, 
  0x3a, 0x57, 0xdc, 0xef, 0xea, 0xd2, 0x0d, 0x07, 0x32, 0x2b, 0x16, 0xd1, 
  0x08, 0xec, 0x55, 0xb9, 0x46, 0x45, 0x40, 0xe4, 0xd7, 0xb2, 0xab, 0xbf, 
  0xb9, 0x05, 0xbd, 0xa6, 0xeb, 0xb5, 0x3e, 0xed, 0xb0, 0x0e, 0x40, 0x22, 
  0x10, 0xae, 0x0e, 0x3b, 0xae, 0x17, 0x02, 0x22, 0xce, 0x1e, 0x44, 0xf1, 
  0xec, 0x18, 0x01, 0xa6, 0x31, 0xcd, 0x24, 0xcd, 0x25, 0xfe, 0x33, 0xd2, 
  0xd1, 0xdc, 0xc2, 0x3a, 0x37, 0xe6, 0xf6, 0xd8, 0x22, 0xab, 0x30, 0x31, 
  0xd9, 0xc7, 0x0a, 0x1b, 0x2b, 0xde, 0xd3, 0xdc, 0xcd, 0x21, 0x33, 0xb2, 
  0xc1, 0x38, 0xbe, 0x20, 0xcb, 0xca, 0xff, 0xeb, 0xb2, 0xc2, 0x4e, 0xee, 
  0x54, 0xc4, 0x19, 0xca, 0x32, 0x19, 0xfe, 0x43, 0xe5, 0xf4, 0xad, 0x3d, 
  0xc2, 0xe7, 0x18, 0xd2, 0x05, 0x06, 0xfd, 0x0e, 0x4c, 0x2b, 0x22, 0x3c, 
  0x3f, 0x32, 0xf5, 0xab, 0x2a, 0x16, 0xcf, 0xe3, 0x4c, 0xd7, 0xda, 0x04, 
  0xfa, 0x0a, 0xb7, 0x0b, 0xf6, 0x27, 0xfb, 0x2f, 0x4c, 0x42, 0x52, 0x06, 
  0xb6, 0xee, 0x26, 0xd8, 0xf0, 0x3d, 0xc6, 0xd8, 0xde, 0xd7, 0x15, 0xf4, 
  0x33, 0xb7, 0x29, 0x58, 0x51, 0x14, 0x08, 0xdd, 0xcf, 0xff, 0xa8, 0xf7, 
  0xe8, 0xac, 0x03, 0xe1, 0x1f, 0xbb, 0x37, 0xe8, 0xc3, 0x11, 0xd0, 0x1c, 
  0x1e, 0x45, 0xc0, 0xe8, 0xd5, 0xda, 0xd1, 0x0d, 0xb9, 0x05, 0xd5, 0xa9, 
  0x41, 0xff, 0x37, 0xbc, 0xc3, 0xeb, 0x08, 0xbe, 0x1f, 0x20, 0x22, 0xf1, 
  0x53, 0x40, 0xe6, 0xb0, 0xcf, 0x04, 0xd4, 0x1c, 0x13, 0x56, 0x06, 0x4a, 
  0xe4, 0xfa, 0xf5, 0x11, 0xde, 0x1c, 0x13, 0x26, 0xb8, 0xb6, 0xe7, 0xf5, 
  0x12, 0x46, 0x38, 0xd0, 0xe5, 0xd5, 0x15, 0x4b, 0xa8, 0x11, 0x21, 0xdb, 
  0x47, 0xfb, 0x4e, 0x0e, 0xcd, 0xe7, 0x17, 0xef, 0xac, 0xd4, 0xae, 0x33, 
  0x16, 0xed, 0xde, 0x33, 0x0d, 0xae, 0xf6, 0x59, 0xb3, 0x04, 0xe5, 0x46, 
  0xde, 0x1a, 0xc1, 0x3e, 0x49, 0x16, 0x1c, 0x22, 0x1b, 0x4e, 0x05, 0xd4, 
  0xc6, 0x20, 0x48, 0xf6, 0xee, 0x55, 0xd2, 0x36, 0xef, 0xe2, 0xe4, 0x46, 
  0x4d, 0xcb, 0xe8, 0x16, 0x03, 0x2f, 0x03, 0x0b, 0xc7, 0xf4, 0x50, 0x1c, 
  0x42, 0xac, 0xd5, 0x4f, 0xb4, 0x56, 0xcd, 0x28, 0xad, 0x51, 0x4d, 0x31, 
  0xb0, 0xb3, 0x16, 0x40, 0x16, 0xcc, 0x38, 0x11, 0x06, 0x43, 0x2e, 0x0a, 
  0x0b, 0x44, 0xf8, 0x1f, 0xb1, 0xee, 0xd1, 0xd4, 0x0e, 0x11, 0xdc, 0x41, 
  0x59, 0x2d, 0x11, 0x44, 0x31, 0xab, 0x3f, 0x0e, 0x2b, 0xc2, 0xf4, 0xd9, 
  0xce, 0x42, 0x0f, 0x5e, 0xf7, 0x42, 0xd8, 0x42, 0x33, 0xbe, 0xc8, 0xbf, 
  0x01, 0x10, 0xe9, 0x12, 0xf0, 0x0c, 0x0a, 0x28, 0x0b, 0xe2, 0xe6, 0xf1, 
  0xb3, 0x56, 0xdd, 0xc5, 0xd2, 0x25, 0xaf, 0xcc, 0xd4, 0xbc, 0x4d, 0x52, 
  0x35, 0x1a, 0x46, 0xfa, 0x22, 0x44, 0xc2, 0x3b, 0x37, 0x0a, 0x1c, 0x08, 
  0xd6, 0xcb, 0xed, 0x37, 0x0d, 0x14, 0xb8, 0x60, 0x3c, 0x9a, 0xf1, 0x1f, 
  0xd7, 0x52, 0xd6, 0xba, 0xf0, 0xb8, 0x20, 0x12, 0x35, 0xa5, 0xd7, 0x23, 
  0x1e, 0xc6, 0xbe, 0xe5, 0x16, 0x40, 0xa5, 0x47, 0xaf, 0xaf, 0x2b, 0xbb, 
  0x00, 0x30, 0x09, 0x27, 0x35, 0x55, 0x27, 0x70, 0xa7, 0x8b, 0x2f, 0xe1, 
  0x14, 0x0b, 0xbe, 0x93, 0x05, 0xd7, 0xf8, 0x62, 0xeb, 0x2a, 0x3c, 0xd2, 
  0x85, 0x02, 0x14, 0x1e, 0x12, 0x0c, 0x8b, 0xf9, 0x2f, 0xd2, 0xf7, 0xf4, 
  0xa0, 0xf3, 0x51, 0x9a, 0x21, 0x38, 0xb5, 0x39, 0xc9, 0x38, 0xd7, 0xb1, 
  0x38, 0xd9, 0xc3, 0x3c, 0xf0, 0xa8, 0x03, 0xad, 0xbf, 0xca, 0xb2, 0xdc, 
  0x26, 0x0c, 0x00, 0x47, 0xf6, 0xc3, 0xf5, 0x14, 0xd1, 0x22, 0x48, 0xed, 
  0x41, 0xee, 0x2e, 0x49, 0xee, 0xc7, 0xc9, 0xc1, 0x1d, 0xe2, 0x16, 0x37, 
  0x11, 0xbe, 0xd4, 0x45, 0x32, 0x16, 0x08, 0x06, 0xb0, 0x25, 0x18, 0xfd, 
  0xf7, 0xb9, 0x35, 0x2c, 0xd9, 0xb9, 0xc1, 0x16, 0x47, 0xb1, 0xe3, 0x2a, 
  0x4c, 0x1a, 0x45, 0x33, 0x53, 0x0c, 0xb4, 0x1c, 0xe1, 0xac, 0x4d, 0xb1, 
  0xff, 0xd3, 0x38, 0x37, 0x45, 0x1f, 0x30, 0xd3, 0x1a, 0xd7, 0x15, 0xf7, 
  0xd4, 0xf5, 0x20, 0xcf, 0xe3, 0x08, 0xe2, 0xa9, 0x0a, 0x4f, 0x08, 0x33, 
  0xdc, 0x3a, 0x42, 0xc9, 0xb1, 0x46, 0xe8, 0x11, 0xf2, 0xb7, 0x0f, 0x17, 
  0xc3, 0xce, 0x0b, 0x3c, 0xc7, 0x1c, 0xc6, 0xee, 0x2e, 0x0e, 0xb6, 0x2a, 
  0xb6, 0x23, 0xc5, 0x15, 0xd0, 0x4d, 0xc5, 0xbb, 0x4a, 0x44, 0x49, 0xf4, 
  0xbd, 0xe3, 0xfa, 0xd2, 0xc7, 0xb7, 0x42, 0x05, 0xc8, 0xae, 0xb3, 0x0b, 
  0x0f, 0xd5, 0x02, 0x29, 0x10, 0xac, 0x52, 0x22, 0x1b, 0x2e, 0x46, 0x33, 
  0x0b, 0xc6, 0x07, 0xef, 0x17, 0x12, 0x11, 0x07, 0x51, 0x4d, 0xa9, 0xa9, 
  0xb1, 0xe6, 0x49, 0x0c, 0x48, 0xf7, 0x21, 0xae, 0x12, 0x30, 0xa8, 0x42, 
  0xb7, 0x48, 0xc9, 0x1d, 0xa6, 0xe6, 0x32, 0xbd, 0xe3, 0x36, 0x40, 0x3c, 
  0x1d, 0x2e, 0xc2, 0x47, 0xc6, 0xfc, 0xf2, 0xc3, 0xbe, 0xe2, 0xfb, 0x18, 
  0x00, 0xf7, 0x3a, 0x47, 0x4f, 0x09, 0x12, 0xce, 0x22, 0x03, 0xc7, 0xbf, 
  0xbe, 0xfa, 0x3a, 0xe5, 0x50, 0x4f, 0x4c, 0x48, 0x42, 0xb3, 0xda, 0x04, 
  0xfb, 0x52, 0xe5, 0x25, 0xe9, 0xfe, 0x53, 0x4d, 0x2d, 0xa8, 0x25, 0xad, 
  0xc6, 0xbe, 0x3b, 0x01, 0x3f, 0xc8, 0x26, 0x00, 0x53, 0x0e, 0xda, 0xc1, 
  0xcc, 0xee, 0xbc, 0xee, 0x03, 0x4a, 0xcd, 0xb8, 0xd7, 0x10, 0xd0, 0x03, 
  0xe6, 0xd9, 0xc5, 0x0f, 0xd1, 0xcf, 0xd1, 0x4a, 0xed, 0x54, 0x05, 0xe8, 
  0x43, 0x02, 0xf2, 0xc1, 0x3c, 0x54, 0xeb, 0x01, 0x4f, 0xa5, 0x17, 0x38, 
  0xe8, 0xf2, 0xbc, 0x02, 0x3e, 0x1b, 0x2e, 0x38, 0x0d, 0x11, 0xf2, 0xf6, 
  0x06, 0x2c, 0x1b, 0xff, 0xdc, 0xc8, 0x2a, 0x2c, 0xb2, 0xf0, 0x47, 0x0b, 
  0x21, 0xdd, 0xc8, 0x52, 0xd6, 0x1f, 0x1a, 0x31, 0x3c, 0xcc, 0xdc, 0xef, 
  0x40, 0xf8, 0x23, 0xed, 0x23, 0xfa, 0xf8, 0x37, 0x18, 0x49, 0x5b, 0xe0, 
  0xcb, 0xf1, 0xc0, 0x52, 0xfb, 0xc1, 0x0a, 0x69, 0x2e, 0x15, 0x0f, 0x01, 
  0x59, 0xde, 0x0f, 0x59, 0x0a, 0xe9, 0x0b, 0x00, 0xd8, 0xca, 0x21, 0xf8, 
  0x34, 0x3c, 0x29, 0x68, 0x3d, 0xe4, 0x24, 0x1b, 0xe9, 0x5b, 0x54, 0x0f, 
  0xf1, 0x07, 0x4a, 0x79, 0xc2, 0xba, 0xf5, 0x3b, 0xd8, 0x2d, 0xda, 0x1b, 
  0x1c, 0x52, 0xeb, 0x7f, 0xba, 0xc7, 0x30, 0x45, 0xb6, 0xe4, 0xf6, 0xc4, 
  0xf0, 0x05, 0x0f, 0xdb, 0x1d, 0xbe, 0x4f, 0xd6, 0xa2, 0x62, 0x05, 0x02, 
  0xfe, 0xb3, 0x14, 0x34, 0xad, 0xd4, 0x2e, 0xd8, 0x31, 0x5e, 0xa6, 0xe1, 
  0x42, 0xf0, 0xf6, 0x12, 0xef, 0x35, 0x07, 0x20, 0xab, 0x4e, 0xb4, 0x15, 
  0xdf, 0xa1, 0x43, 0x1c, 0xa3, 0x2b, 0x0d, 0xe1, 0xe7, 0x4a, 0x12, 0x25, 
  0xc1, 0x1b, 0xb7, 0x52, 0x0c, 0xe0, 0x39, 0x28, 0xa9, 0x4e, 0x4d, 0x32, 
  0xe5, 0xb9, 0xee, 0x52, 0xdf, 0xd4, 0x2c, 0xb9, 0xd2, 0x48, 0xcf, 0xdc, 
  0x27, 0x34, 0xbd, 0x39, 0xc9, 0xdc, 0x4d, 0xce, 0xd7, 0xb9, 0xbe, 0xac, 
  0xbc, 0x26, 0x40, 0x54, 0x16, 0xf5, 0x0b, 0x49, 0xf6, 0x31, 0x13, 0xb0, 
  0xcd, 0x21, 0xb0, 0xb1, 0x0a, 0xd4, 0xe8, 0x08, 0xbc, 0x2e, 0x15, 0x06, 
  0x29, 0x4e, 0xeb, 0xc0, 0x16, 0x1b, 0x2b, 0x30, 0x3b, 0xce, 0xde, 0xdd, 
  0xe0, 0x22, 0x4e, 0xb8, 0xbe, 0x28, 0x1a, 0xf7, 0xac, 0xb5, 0x02, 0x30, 
  0xc5, 0x1c, 0xb9, 0x3c, 0xd9, 0x02, 0x23, 0xbe, 0xe8, 0x0e, 0x31, 0xa7, 
  0x39, 0x29, 0xde, 0xaf, 0xc1, 0x25, 0xd0, 0x09, 0x48, 0xe9, 0xde, 0x2d, 
  0x57, 0xe4, 0x37, 0x48, 0xe7, 0x0f, 0xc0, 0x50, 0x12, 0x25, 0xf5, 0x21, 
  0x09, 0x31, 0xeb, 0xd3, 0x47, 0xf0, 0x28, 0xfb, 0xf9, 0x48, 0x4b, 0x29, 
  0xbc, 0x2e, 0x1d, 0x3d, 0x49, 0x04, 0xe5, 0x10, 0xff, 0x3f, 0x10, 0x1f, 
  0xc9, 0x56, 0xb1, 0xee, 0xd3, 0x1c, 0xe2, 0x37, 0xd4, 0x54, 0xe7, 0x17, 
  0x68, 0x57, 0xe5, 0x26, 0xe7, 0x40, 0x34, 0x40, 0x1f, 0x27, 0x5d, 0x03, 
  0x1d, 0xbd, 0xf0, 0xe8, 0x0d, 0x48, 0xc3, 0x60, 0x45, 0xe5, 0xf0, 0xdb, 
  0x3d, 0x10, 0x0a, 0x01, 0x33, 0x50, 0xfc, 0x1d, 0x4d, 0x57, 0x44, 0x22, 
  0x02, 0xdd, 0xf2, 0x57, 0x2e, 0x3d, 0xea, 0xed, 0xfd, 0x04, 0xe2, 0x40, 
  0xc9, 0x52, 0x33, 0x2d, 0x60, 0xfa, 0xf9, 0x44, 0x59, 0x32, 0xcd, 0x56, 
  0x1b, 0xea, 0x2b, 0x37, 0x5f, 0xe2, 0x4b, 0x29, 0x09, 0x68, 0x3e, 0x3c, 
  0xe5, 0xe2, 0x13, 0xbf, 0x19, 0x2e, 0xc4, 0x11, 0xc0, 0xf8, 0xed, 0x08, 
  0xe6, 0x1c, 0x5a, 0x27, 0x06, 0xbc, 0x13, 0x38, 0xe8, 0x2c, 0xeb, 0x20, 
  0xd1, 0x17, 0xfd, 0x54, 0x64, 0x10, 0x61, 0xd4, 0xf7, 0xf0, 0x68, 0xf7, 
  0x16, 0xf2, 0x3f, 0xf4, 0x06, 0xce, 0x54, 0x30, 0x36, 0xd4, 0x36, 0x12, 
  0xe9, 0x0a, 0x4c, 0x09, 0x08, 0x67, 0x53, 0x5d, 0x15, 0x64, 0x24, 0xe2, 
  0x5c, 0xbf, 0x27, 0xe3, 0x64, 0x61, 0x09, 0x59, 0xf7, 0x07, 0x30, 0x51, 
  0x2b, 0xca, 0xcb, 0x39, 0x3c, 0xe3, 0xc1, 0x66, 0x39, 0x18, 0x3b, 0x4d, 
  0x35, 0xca, 0x59, 0xc3, 0xc0, 0x0d, 0x33, 0x56, 0xdb, 0x03, 0x1f, 0x12, 
  0x3b, 0xc7, 0xbd, 0x40, 0x3e, 0x29, 0x26, 0xef, 0xe4, 0x28, 0x4c, 0x2b, 
  0x19, 0xee, 0x33, 0xc8, 0x0a, 0x50, 0x34, 0xf5, 0x5b, 0x04, 0x2c, 0x4e, 
  0xdb, 0xe3, 0x05, 0xd0, 0x5f, 0x17, 0xce, 0xf2, 0x45, 0xe0, 0xc3, 0x4b, 
  0xbb, 0x22, 0x32, 0xc6, 0xf5, 0xc0, 0x5e, 0x3f, 0x3c, 0x4e, 0xbe, 0xf9, 
  0x18, 0xbf, 0x0d, 0x40, 0x64, 0x2e, 0x1c, 0xe8, 0x59, 0x0b, 0xc0, 0x32, 
  0xc0, 0xef, 0x29, 0x3a, 0x5e, 0xd6, 0x0a, 0x43, 0x35, 0x09, 0xdc, 0x33, 
  0x5b, 0xc2, 0x54, 0x24, 0x59, 0x28, 0xc1, 0x61, 0x67, 0x3a, 0xbd, 0xe9, 
  0x11, 0x21, 0x0d, 0x20, 0xe8, 0x5c, 0x14, 0xc9, 0xe3, 0x1a, 0x34, 0x2e, 
  0xd9, 0x06, 0x32, 0x1b, 0xcb, 0xeb, 0x13, 0xd8, 0x39, 0x56, 0xc2, 0xfe, 
  0x52, 0xec, 0xc5, 0xc4, 0x21, 0xd6, 0x4b, 0x44, 0xd4, 0x3b, 0xd0, 0x47, 
  0xe0, 0xe9, 0x17, 0x60, 0x92, 0xc8, 0x53, 0x05, 0x35, 0x43, 0xe2, 0xf0, 
  0x2e, 0x29, 0x34, 0x13, 0xc5, 0x13, 0x47, 0x31, 0xe5, 0x32, 0x0b, 0x25, 
  0x15, 0xfe, 0xf0, 0xfd, 0xa5, 0xbe, 0x6e, 0x05, 0x48, 0x16, 0xb4, 0x49, 
  0x02, 0x2a, 0x07, 0xdc, 0xfe, 0xd3, 0x51, 0xf8, 0x49, 0x2c, 0xa9, 0xcf, 
  0x63, 0x46, 0xe7, 0xcd, 0xd6, 0x19, 0x2d, 0x2e, 0xa0, 0x60, 0x2a, 0xdf, 
  0x5f, 0x95, 0x4a, 0x5e, 0x97, 0xda, 0x22, 0x10, 0x03, 0x61, 0x9c, 0xf2, 
  0x49, 0xe1, 0xc2, 0xf8, 0xd7, 0x0e, 0xf0, 0xe6, 0xd6, 0x42, 0xb4, 0xec, 
  0x0a, 0xc3, 0xab, 0xf0, 0xa3, 0x0b, 0x06, 0x43, 0x13, 0x1a, 0xe9, 0xe9, 
  0x43, 0xb8, 0x36, 0x21, 0xa2, 0xc6, 0x5d, 0xcb, 0x47, 0xe7, 0x1f, 0x3a, 
  0x57, 0xc1, 0xb9, 0x30, 0x2e, 0xa4, 0xe1, 0x35, 0xc9, 0x25, 0xe3, 0x17, 
  0xd7, 0x07, 0x04, 0x4a, 0x1c, 0x12, 0xcf, 0xf5, 0xba, 0x33, 0x21, 0xb6, 
  0x2e, 0x0c, 0xfd, 0xbb, 0xa7, 0xce, 0xb4, 0xc8, 0x4d, 0x51, 0x21, 0x49, 
  0x0b, 0x09, 0x00, 0xf8, 0xc2, 0xc1, 0xc2, 0xad, 0xee, 0x5a, 0x2d, 0xb3, 
  0x2c, 0x2b, 0xa9, 0x04, 0x04, 0xce, 0xe4, 0x12, 0xae, 0x26, 0xb6, 0xc6, 
  0xc5, 0x33, 0xe7, 0xcb, 0xc2, 0xcc, 0xe6, 0x2e, 0xcb, 0x3d, 0xce, 0xe6, 
  0xd0, 0xdc, 0xa7, 0xab, 0xf3, 0xe6, 0x01, 0x0c, 0xfe, 0xaa, 0x42, 0xbc, 
  0x3a, 0x2a, 0x3c, 0x42, 0x57, 0xed, 0x16, 0xe9, 0x1e, 0x04, 0x1f, 0xb6, 
  0x2c, 0xe5, 0xc0, 0x18, 0xc0, 0xf4, 0xd8, 0xf3, 0x2b, 0xde, 0xbf, 0xa8, 
  0xdd, 0xb5, 0xd0, 0xc6, 0xbb, 0x01, 0xe0, 0x0c, 0xf7, 0xc7, 0xf7, 0xa5, 
  0xe2, 0x22, 0xdb, 0x0e, 0x0f, 0x0c, 0x05, 0x3b, 0x3f, 0x3b, 0xf0, 0xe7, 
  0xc9, 0xdd, 0x09, 0x14, 0x48, 0xf0, 0xcb, 0x0e, 0xec, 0xf4, 0x2e, 0xd0, 
  0xe5, 0x21, 0xf3, 0x05, 0xd9, 0x3c, 0x1c, 0x0d, 0xdc, 0xf3, 0xce, 0x27, 
  0x1d, 0xf8, 0xc5, 0x2e, 0xd3, 0x25, 0xe1, 0xbb, 0xf7, 0x41, 0x2a, 0xd2, 
  0xd1, 0xb3, 0xd5, 0xd7, 0xfe, 0xf8, 0x46, 0xed, 0xc5, 0x39, 0xa0, 0x31, 
  0x00, 0xb0, 0x1d, 0x19, 0x2c, 0xaf, 0x0c, 0xf2, 0xbe, 0x1b, 0xcc, 0x26, 
  0xf9, 0xd8, 0x0c, 0x04, 0x49, 0xc1, 0x0a, 0x18, 0xb4, 0x26, 0x09, 0xeb, 
  0x00, 0xf2, 0x42, 0x30, 0xd5, 0x33, 0xd2, 0xcb, 0xaf, 0x03, 0x20, 0xaa, 
  0x2d, 0xc2, 0x19, 0x17, 0x44, 0xae, 0x14, 0xc3, 0x47, 0x6e, 0x11, 0xc0, 
  0x2b, 0x58, 0xd9, 0xec, 0x55, 0xea, 0x34, 0x17, 0x0c, 0x70, 0x4b, 0x11, 
  0x22, 0x52, 0xb2, 0xd2, 0x59, 0xc1, 0xd0, 0xd8, 0xc7, 0x3d, 0x04, 0x30, 
  0x06, 0x08, 0x40, 0x5e, 0xf5, 0x4a, 0xfd, 0x5f, 0xd2, 0x3e, 0xe4, 0x28, 
  0x2e, 0x2a, 0x1f, 0x1a, 0xe7, 0xba, 0xcb, 0x54, 0x38, 0xeb, 0xe7, 0xc9, 
  0xf6, 0xda, 0x18, 0xa7, 0xfc, 0xee, 0xbb, 0x04, 0xe9, 0xeb, 0x57, 0x20, 
  0x22, 0x52, 0xc7, 0x36, 0xde, 0xd9, 0x26, 0xf9, 0x3a, 0xde, 0xf8, 0xab, 
  0x3e, 0x5d, 0x9d, 0x0f, 0xe5, 0x24, 0x9e, 0x28, 0xb3, 0x37, 0xeb, 0x1e, 
  0xc7, 0x62, 0xaa, 0x1e, 0x5e, 0x31, 0x32, 0xef, 0x40, 0xc4, 0xfc, 0x14, 
  0xb4, 0xf6, 0xc0, 0x01, 0x24, 0xba, 0xe1, 0x22, 0xaa, 0xc7, 0xf5, 0xf4, 
  0x53, 0x1b, 0xfe, 0xd9, 0xe2, 0xa7, 0xf9, 0x2c, 0xca, 0xd3, 0x22, 0xaf, 
  0x0f, 0x48, 0xdd, 0xc3, 0x67, 0xfc, 0xf7, 0x14, 0xd1, 0xeb, 0x3b, 0xd6, 
  0xf7, 0xcc, 0x10, 0xbd, 0x1d, 0x2d, 0xe4, 0x2d, 0x23, 0xcb, 0x3b, 0xc2, 
  0xe8, 0xe3, 0xd1, 0xc9, 0xf2, 0xe0, 0x13, 0x5c, 0xec, 0xb8, 0xda, 0x11, 
  0x52, 0x5e, 0x18, 0xc4, 0x59, 0x39, 0xb3, 0x4f, 0x23, 0xfa, 0x22, 0xd9, 
  0x4f, 0x25, 0xa4, 0xee, 0x22, 0x18, 0x05, 0x23, 0xcb, 0xae, 0x2e, 0x1a, 
  0x1e, 0xe8, 0xed, 0xbb, 0xf0, 0xc8, 0x08, 0x4f, 0xfc, 0xbf, 0xf7, 0x08, 
  0xe3, 0x47, 0x3f, 0xe8, 0xdc, 0x0d, 0xd2, 0xee, 0x29, 0x0d, 0x2b, 0x41, 
  0xd7, 0x60, 0xa4, 0xef, 0x5d, 0xe5, 0x36, 0x08, 0xb7, 0x39, 0x0a, 0x3c, 
  0xe6, 0x2f, 0x31, 0x07, 0x3b, 0xfb, 0x48, 0x1a, 0xd2, 0x13, 0xf2, 0xdd, 
  0x4e, 0xee, 0xe5, 0xd2, 0xd7, 0xa3, 0xff, 0x46, 0x35, 0x33, 0xd9, 0x34, 
  0x17, 0x0d, 0xdb, 0x19, 0x09, 0xcc, 0xdf, 0xc6, 0x1a, 0x2b, 0xec, 0xf4, 
  0xb6, 0xde, 0x00, 0xfe, 0xef, 0x24, 0x50, 0xc0, 0x46, 0x25, 0x52, 0x3a, 
  0x17, 0x4e, 0xde, 0xcd, 0xc8, 0x05, 0x17, 0xe9, 0x4a, 0x20, 0x34, 0x2a, 
  0xd9, 0x1c, 0x3d, 0x3d, 0xca, 0xb6, 0x41, 0xf5, 0xd8, 0xd8, 0xaf, 0x54, 
  0xa8, 0xc3, 0xfc, 0xbf, 0xae, 0x09, 0x40, 0xb7, 0x0f, 0xf8, 0xbc, 0x22, 
  0x36, 0xf7, 0x17, 0x25, 0x3c, 0x4a, 0xbb, 0x20, 0x08, 0xeb, 0xa9, 0xea, 
  0x18, 0xca, 0x54, 0x2f, 0x4d, 0x2e, 0xe3, 0xb1, 0xf5, 0xee, 0xc5, 0x0f, 
  0xdb, 0xf6, 0x21, 0xbc, 0xcb, 0x4b, 0xf4, 0xc6, 0xc1, 0x4c, 0x06, 0xb5, 
  0xd3, 0x55, 0x49, 0x29, 0x42, 0x29, 0x04, 0xbb, 0xb3, 0xfb, 0xd5, 0x32, 
  0x54, 0x20, 0x4d, 0xab, 0x4f, 0x10, 0xb9, 0x4c, 0xe0, 0xf1, 0x19, 0xcb, 
  0x24, 0x3d, 0x2e, 0x2c, 0x36, 0xc4, 0xdf, 0x0a, 0x36, 0xdf, 0x50, 0x39, 
  0x49, 0x55, 0x48, 0x1a, 0x37, 0xba, 0xfb, 0x1f, 0xe5, 0x28, 0x39, 0x06, 
  0x19, 0xdc, 0x2a, 0xcc, 0x41, 0x09, 0x1b, 0xf6, 0xad, 0x10, 0xd9, 0x2e, 
  0xcd, 0x0a, 0x3f, 0xd5, 0xf4, 0xe4, 0x28, 0xb9, 0xf7, 0xef, 0x46, 0xce, 
  0x34, 0x12, 0xac, 0x4b, 0xee, 0x11, 0x19, 0xaa, 0x54, 0xf1, 0x0d, 0xb0, 
  0x44, 0xb9, 0x4a, 0x44, 0x25, 0x30, 0x0c, 0xc8, 0x10, 0xeb, 0x10, 0xff, 
  0x24, 0xea, 0x32, 0xde, 0xe9, 0x0f, 0xd0, 0xd8, 0x3a, 0xb0, 0x31, 0x0d, 
  0x09, 0x4c, 0x04, 0xbf, 0x0c, 0xb0, 0x26, 0xec, 0x3f, 0x3a, 0xe0, 0xd4, 
  0x2e, 0x08, 0x4d, 0x35, 0xaa, 0xf3, 0xe7, 0xfc, 0x02, 0xf3, 0xde, 0x09, 
  0x1e, 0x38, 0x3b, 0x25, 0xb2, 0x56, 0x23, 0x09, 0xf5, 0xf5, 0xde, 0xaf, 
  0xe7, 0xab, 0xc7, 0xd5, 0x2d, 0x47, 0x55, 0xc2, 0xa8, 0x1b, 0xb0, 0x21, 
  0xfc, 0x45, 0xfd, 0x0b, 0x30, 0x0f, 0xf4, 0x55, 0xf3, 0x4e, 0xe5, 0xba, 
  0x29, 0x3e, 0x3a, 0xbc, 0xc3, 0x28, 0x3d, 0x1c, 0x0b, 0x15, 0x41, 0x33, 
  0xa9, 0x25, 0xa9, 0xe2, 0xda, 0x00, 0x15, 0xdb, 0xc5, 0xc5, 0x13, 0xce, 
  0xfd, 0xeb, 0xe8, 0xea, 0xf7, 0x18, 0xb3, 0xe2, 0x57, 0xe2, 0xac, 0xe4, 
  0xfc, 0x15, 0xda, 0xb5, 0x11, 0x52, 0xd8, 0xfd, 0x1a, 0x26, 0xe8, 0x0b, 
  0x01, 0x3a, 0x35, 0x0c, 0xc7, 0x32, 0xa9, 0x4b, 0x42, 0xd1, 0xfb, 0x17, 
  0xae, 0x2a, 0x07, 0xed, 0x3b, 0x56, 0x29, 0x4f, 0x2f, 0x03, 0x60, 0x2d, 
  0x3d, 0x6b, 0xe0, 0xfe, 0x01, 0x40, 0x4c, 0x39, 0x17, 0x2b, 0xcf, 0x66, 
  0xbf, 0x65, 0x60, 0x55, 0x23, 0xc8, 0x04, 0x01, 0x4f, 0x10, 0x3e, 0x54, 
  0x0f, 0x20, 0x56, 0x07, 0x28, 0x02, 0x06, 0xca, 0xd3, 0xf8, 0x04, 0x52, 
  0x58, 0xee, 0xfc, 0x47, 0xe6, 0xc5, 0xe2, 0x60, 0x59, 0xd0, 0x06, 0xbf, 
  0x0f, 0x01, 0x12, 0xf9, 0x30, 0xfa, 0x31, 0x63, 0xf2, 0x4b, 0x42, 0xc1, 
  0x1b, 0x0b, 0x11, 0x03, 0x10, 0x60, 0xd7, 0x28, 0x53, 0x43, 0x2e, 0x2f, 
  0x6b, 0x1c, 0x11, 0x4c, 0x30, 0xca, 0xc0, 0xd6, 0xf3, 0x0a, 0x01, 0xf2, 
  0xda, 0xf6, 0xf6, 0xcb, 0x31, 0x0b, 0x32, 0xd3, 0x11, 0x37, 0x33, 0xc2, 
  0xef, 0xe4, 0x36, 0xd7, 0xd7, 0x1e, 0x41, 0xda, 0x47, 0x66, 0x08, 0xb9, 
  0x44, 0x5a, 0x1e, 0xf5, 0x1c, 0xbe, 0x17, 0xd5, 0xdf, 0x5f, 0x26, 0xe1, 
  0x3b, 0x33, 0xd9, 0x20, 0x6b, 0x66, 0xc9, 0xc2, 0x38, 0x0d, 0xcd, 0x18, 
  0x5c, 0x65, 0x0a, 0xd6, 0xd4, 0x5c, 0xbf, 0x48, 0xd9, 0x29, 0x2f, 0x55, 
  0x23, 0x05, 0x3c, 0x28, 0xc2, 0xdc, 0xd7, 0xf6, 0x67, 0x1e, 0x02, 0x5c, 
  0x69, 0xdc, 0xda, 0x40, 0x49, 0xf3, 0x11, 0xe6, 0xd1, 0xf7, 0x1e, 0xd4, 
  0xcf, 0x4e, 0x38, 0x04, 0xc0, 0x66, 0xda, 0x48, 0x0b, 0xc6, 0x30, 0x30, 
  0x3e, 0x4a, 0xf6, 0x58, 0x4a, 0x00, 0x62, 0x15, 0x32, 0x3b, 0x23, 0xdb, 
  0x6a, 0x36, 0xe7, 0xf7, 0xcf, 0x20, 0xe0, 0xf9, 0x44, 0x47, 0x32, 0x10, 
  0x6d, 0xd7, 0x55, 0x14, 0x6a, 0x0e, 0xd2, 0x47, 0x29, 0x5f, 0xde, 0x40, 
  0x60, 0x00, 0x40, 0x5b, 0x43, 0x5f, 0xe9, 0x24, 0xde, 0xdc, 0x1c, 0xef, 
  0x53, 0x45, 0x13, 0x61, 0x2b, 0x06, 0x1d, 0xe3, 0x56, 0x55, 0x5b, 0xdd, 
  0x4e, 0xc7, 0x3e, 0x08, 0xe2, 0x32, 0x3d, 0x32, 0x62, 0x28, 0x6c, 0xe0, 
  0xd7, 0x5c, 0xc3, 0x56, 0x23, 0x19, 0x60, 0xd2, 0x25, 0x69, 0x54, 0x01, 
  0x1a, 0xdd, 0xf7, 0x58, 0x0b, 0x48, 0xfb, 0x29, 0xd4, 0xd2, 0x66, 0xe6, 
  0x2d, 0x3b, 0xeb, 0x3d, 0x28, 0x49, 0x60, 0xfb, 0x62, 0x43, 0x5d, 0xf2, 
  0xc0, 0x24, 0xda, 0x0b, 0x25, 0x0f, 0x49, 0x1e, 0x1d, 0x44, 0x31, 0x0c, 
  0x3a, 0xb6, 0x1b, 0xc2, 0xe0, 0x09, 0xaa, 0xdf, 0x29, 0xca, 0xdc, 0x2d, 
  0xe2, 0x44, 0xed, 0xcf, 0xef, 0x0d, 0x4b, 0x1a, 0xea, 0xda, 0xaf, 0x38, 
  0xef, 0xe2, 0xc9, 0x4a, 0xeb, 0x06, 0xd6, 0xd5, 0x01, 0xec, 0xe6, 0x57, 
  0xde, 0xf7, 0xfb, 0xdb, 0x2b, 0x2b, 0xc2, 0xde, 0x0a, 0xe4, 0xf5, 0xcd, 
  0x22, 0xb6, 0xf4, 0xb9, 0x25, 0xde, 0xb6, 0x42, 0xd5, 0x1b, 0xce, 0xd2, 
  0xe2, 0xef, 0x11, 0xcb, 0xc5, 0x0c, 0x2f, 0x31, 0xfb, 0xb3, 0xb0, 0x0c, 
  0xee, 0x06, 0x03, 0xeb, 0x49, 0xae, 0x08, 0x02, 0x25, 0x1b, 0x1d, 0x38, 
  0xaa, 0xae, 0xe6, 0xd2, 0xf0, 0xc5, 0x06, 0xc2, 0x24, 0x26, 0x36, 0xc0, 
  0x3c, 0xfd, 0x4a, 0x4e, 0x46, 0x24, 0x00, 0x4e, 0x25, 0xb5, 0x30, 0x4e, 
  0x55, 0xc3, 0x41, 0x3c, 0x34, 0xc6, 0x1b, 0x55, 0xce, 0xd6, 0xde, 0xdb, 
  0xe9, 0x1c, 0x3e, 0x32, 0xbe, 0xb1, 0x12, 0xa7, 0xe1, 0xae, 0xdd, 0x33, 
  0x55, 0xea, 0xac, 0x3a, 0x18, 0xfe, 0xab, 0x0b, 0xfa, 0xa7, 0xa8, 0xf4, 
  0x12, 0xb8, 0xc8, 0x1a, 0xe0, 0x4f, 0xeb, 0x25, 0x24, 0x1f, 0x53, 0x05, 
  0xd2, 0x37, 0x40, 0xd8, 0xe0, 0x31, 0x1d, 0x17, 0xd5, 0x1b, 0xd4, 0xaa, 
  0xdc, 0xe3, 0xe6, 0x11, 0xe6, 0xf6, 0xce, 0xfd, 0xf5, 0x24, 0x24, 0x36, 
  0xd6, 0xd7, 0xc9, 0xea, 0x54, 0x15, 0x20, 0x2d, 0x15, 0x31, 0xec, 0xdb, 
  0xd3, 0x0a, 0x31, 0x1c, 0x13, 0x4b, 0x3c, 0x40, 0x53, 0xec, 0xb8, 0xf9, 
  0x51, 0x23, 0xc8, 0x09, 0xec, 0xfd, 0xb7, 0xce, 0x0f, 0x52, 0xe5, 0x41, 
  0xeb, 0x21, 0x13, 0xff, 0x13, 0x0c, 0x39, 0x3c, 0xd4, 0x22, 0x1d, 0x48, 
  0x0a, 0x49, 0x49, 0xe5, 0x43, 0x58, 0x0c, 0x3e, 0x4f, 0xe5, 0x02, 0xb2, 
  0xb4, 0x2f, 0xa9, 0x4b, 0xc1, 0xf7, 0xc4, 0xc7, 0x09, 0x32, 0x0d, 0xcb, 
  0xc7, 0x4e, 0x1c, 0xe4, 0xbc, 0xad, 0xda, 0xb6, 0x0d, 0x49, 0x0d, 0xdb, 
  0x38, 0x35, 0x06, 0xf2, 0x1f, 0x06, 0x14, 0xf4, 0x4a, 0xff, 0x31, 0xf1, 
  0x40, 0xf0, 0xf7, 0xee, 0x29, 0x2d, 0xb3, 0xc3, 0xac, 0xd3, 0x38, 0x13, 
  0xdc, 0x00, 0x14, 0xdf, 0x06, 0xeb, 0xf1, 0xf5, 0xd5, 0xd2, 0x03, 0x00, 
  0xd8, 0x41, 0x40, 0xdf, 0xf2, 0xfa, 0xf2, 0xad, 0x4e, 0xae, 0x2f, 0xea, 
  0xc8, 0x3c, 0x41, 0xae, 0xed, 0x37, 0x39, 0xe6, 0xd0, 0xfa, 0x1e, 0xf1, 
  0xf2, 0xf7, 0xae, 0x36, 0xac, 0x3e, 0x32, 0x08, 0xb6, 0xe2, 0x32, 0x22, 
  0xd3, 0xde, 0x21, 0xc6, 0x49, 0xd6, 0xab, 0xc2, 0xa9, 0x3e, 0xa5, 0xbe, 
  0x3b, 0x3b, 0x2b, 0xf7, 0xef, 0x4e, 0xcb, 0xc3, 0x50, 0x4c, 0xa6, 0x19, 
  0xdb, 0x3a, 0x40, 0x05, 0xc1, 0xc7, 0xe8, 0x37, 0x15, 0x41, 0xd0, 0xee, 
  0x07, 0xb8, 0x2e, 0xe4, 0x24, 0xf7, 0x55, 0xf2, 0x41, 0xcc, 0x07, 0x4c, 
  0xf3, 0x0d, 0x01, 0x47, 0xf8, 0xdf, 0xf3, 0x33, 0x05, 0xf7, 0xdb, 0xff, 
  0x53, 0x03, 0x26, 0xea, 0xe3, 0x14, 0x23, 0xd7, 0xd8, 0x12, 0x2d, 0xb7, 
  0xd9, 0xe4, 0xb6, 0xb5, 0xc9, 0xcb, 0xd6, 0xdb, 0xc4, 0xcd, 0xbe, 0xf0, 
  0x35, 0xd3, 0xc0, 0xb4, 0x3f, 0x48, 0x53, 0xe9, 0xab, 0xcc, 0x4c, 0x10, 
  0x4a, 0xcf, 0xe4, 0xda, 0xd6, 0x57, 0xed, 0xce, 0xed, 0x4f, 0x0d, 0xe1, 
  0x45, 0xa9, 0x0e, 0x4c, 0xff, 0xfe, 0x2b, 0x46, 0x25, 0x2c, 0x1c, 0x0b, 
  0x06, 0x25, 0xd7, 0x3f, 0xd4, 0x1a, 0x07, 0xb1, 0x54, 0xd2, 0x31, 0xd8, 
  0x47, 0x26, 0x05, 0xf3, 0x39, 0x31, 0x38, 0x4b, 0xc0, 0x1e, 0xf6, 0xe0, 
  0x47, 0x13, 0x59, 0xff, 0xba, 0xf2, 0x2d, 0x0a, 0xfd, 0xb8, 0xe6, 0xc3, 
  0x32, 0xe8, 0x1f, 0x0f, 0x3d, 0xe5, 0x1b, 0x12, 0xfc, 0x16, 0x24, 0x3e, 
  0xa9, 0x04, 0x50, 0xb2, 0xe3, 0xb0, 0x04, 0x17, 0x48, 0xbe, 0x0b, 0xcf, 
  0x4e, 0xd4, 0x54, 0x37, 0xe1, 0xf3, 0x48, 0xfd, 0x54, 0x23, 0x29, 0xe9, 
  0x4d, 0xb8, 0xda, 0xd3, 0x31, 0x1f, 0xcd, 0xab, 0xf5, 0xf4, 0x33, 0xc7, 
  0xec, 0xe5, 0xdf, 0xb0, 0xf2, 0xf3, 0x27, 0xeb, 0x0e, 0xbe, 0xcc, 0x57, 
  0xc3, 0x52, 0xcd, 0x3a, 0x0b, 0xec, 0x03, 0xa5, 0xde, 0x3c, 0x44, 0x04, 
  0xfa, 0xef, 0x17, 0xd4, 0x3e, 0x45, 0xae, 0xea, 0x51, 0xfe, 0xbd, 0xf7, 
  0x21, 0xef, 0x12, 0x53, 0xaf, 0x3a, 0xe5, 0xa3, 0xf3, 0x50, 0xa5, 0xe7, 
  0x50, 0xc5, 0xc2, 0xaa, 0xc6, 0xad, 0x39, 0xf0, 0xcb, 0xeb, 0x09, 0x05, 
  0xcf, 0xfb, 0x2b, 0xe3, 0xea, 0x37, 0xdc, 0x38, 0x1c, 0xf8, 0xa9, 0xbc, 
  0x01, 0x3d, 0x1c, 0x25, 0xf8, 0xc0, 0xc4, 0x41, 0xda, 0xf6, 0x3f, 0x23, 
  0x9a, 0x2b, 0xa0, 0xd5, 0xd9, 0x06, 0xdf, 0xbe, 0xf6, 0x99, 0x23, 0xd4, 
  0xf6, 0xcb, 0xc3, 0xf4, 0x20, 0x35, 0xc8, 0x4c, 0x31, 0xcc, 0x3f, 0xee, 
  0xbb, 0x39, 0x1f, 0xf4, 0xd0, 0xaf, 0x86, 0xf4, 0xa3, 0xd2, 0x4a, 0x00, 
  0x91, 0xfe, 0xc0, 0x1d, 0xcb, 0xd8, 0x85, 0xe5, 0xc8, 0xa3, 0x4a, 0xec, 
  0xc7, 0xe5, 0x2c, 0xfa, 0x16, 0x03, 0x8f, 0xf5, 0x16, 0x9c, 0x23, 0xe3, 
  0x85, 0x24, 0x1b, 0x0d, 0x03, 0xc8, 0xb8, 0xd7, 0x2c, 0xaa, 0xd9, 0xc9, 
  0x0f, 0xe9, 0x26, 0x95, 0x2f, 0x35, 0xc8, 0x36, 0x3c, 0xa7, 0x4b, 0xb1, 
  0xe5, 0x27, 0x0d, 0xee, 0x17, 0xad, 0x3f, 0x10, 0xb3, 0x20, 0x3c, 0xe1, 
  0xd1, 0xb4, 0x1e, 0xbc, 0x43, 0x3c, 0x49, 0xc2, 0x19, 0x36, 0x41, 0xd6, 
  0xf8, 0xc5, 0xcc, 0xc5, 0xca, 0x2e, 0x0e, 0x3d, 0x16, 0xd2, 0x2a, 0x93, 
  0xfb, 0xbb, 0x07, 0x50, 0xa7, 0xa6, 0x51, 0x07, 0xb3, 0x3b, 0x41, 0xd1, 
  0x50, 0x3f, 0x21, 0xe9, 0xae, 0xdf, 0xf3, 0xb0, 0x2a, 0xf0, 0xcc, 0x24, 
  0x27, 0xc3, 0xf6, 0x20, 0xc5, 0x34, 0xc2, 0x02, 0xaa, 0xc9, 0x27, 0x9c, 
  0xf9, 0xb9, 0x17, 0xde, 0xc8, 0xe8, 0x1c, 0x22, 0x1c, 0x58, 0xfd, 0xcf, 
  0x26, 0xee, 0xd2, 0xe9, 0xc5, 0x16, 0x4d, 0x1f, 0x1d, 0x25, 0x3c, 0x12, 
  0x19, 0x15, 0x9e, 0x21, 0xfa, 0xfa, 0xdc, 0xe1, 0x02, 0x6c, 0xc1, 0xab, 
  0xf8, 0x25, 0xdf, 0x02, 0xeb, 0x32, 0xd6, 0x1d, 0xe5, 0x38, 0xf4, 0xa2, 
  0xfb, 0xe8, 0xed, 0x21, 0x37, 0x35, 0x1a, 0xae, 0xe5, 0x38, 0x4d, 0x36, 
  0xfa, 0x06, 0xdc, 0xf9, 0xc8, 0xb8, 0xf1, 0xbe, 0xf2, 0x0f, 0xca, 0x00, 
  0x49, 0x3b, 0x46, 0xd6, 0xc7, 0x0c, 0xcc, 0xd0, 0x11, 0xfe, 0xe6, 0xb5, 
  0x01, 0xd9, 0xe3, 0xe2, 0x30, 0x40, 0x47, 0x4c, 0x01, 0x3e, 0x07, 0x25, 
  0x4b, 0xcd, 0xd2, 0x21, 0x3e, 0x04, 0x09, 0x37, 0xba, 0x3a, 0xf7, 0xc1, 
  0xce, 0x18, 0x94, 0xed, 0x22, 0xab, 0x38, 0xcd, 0x20, 0x53, 0x2b, 0x01, 
  0x55, 0x4e, 0x07, 0x0e, 0xb6, 0x15, 0xa8, 0x16, 0xa8, 0x28, 0x21, 0x1b, 
  0xdd, 0xa8, 0xf8, 0x2e, 0xcc, 0x52, 0x2a, 0xf4, 0xcd, 0x14, 0x14, 0xbe, 
  0x4f, 0xe6, 0x45, 0xc3, 0xd2, 0xd6, 0xdf, 0x51, 0x29, 0xf3, 0x3c, 0x2f, 
  0xd3, 0x08, 0xf2, 0xdf, 0xb8, 0x28, 0x2c, 0xce, 0x3f, 0xed, 0xc2, 0xdf, 
  0xd2, 0xe4, 0x01, 0x41, 0xbd, 0xb8, 0xcd, 0xf1, 0x4e, 0xe1, 0xcb, 0xab, 
  0xe3, 0xad, 0x38, 0x27, 0x51, 0xeb, 0xb4, 0xf4, 0x53, 0xba, 0x3c, 0x43, 
  0x1b, 0xcf, 0x10, 0x21, 0xe6, 0xb9, 0xdd, 0x53, 0x51, 0xcb, 0x4a, 0x3e, 
  0x1c, 0xc5, 0x29, 0xaf, 0xe3, 0xeb, 0x3a, 0x54, 0x0a, 0xd1, 0xf1, 0x36, 
  0xfc, 0xd7, 0x1b, 0xef, 0x3d, 0x52, 0xe9, 0x34, 0x2a, 0xb0, 0x16, 0x34, 
  0xcb, 0x17, 0x03, 0x3b, 0xec, 0x1d, 0xb5, 0xd7, 0xb9, 0x49, 0xbf, 0x12, 
  0xe2, 0xad, 0x19, 0xc0, 0xbb, 0xb7, 0x12, 0xf8, 0xc5, 0xfc, 0x0e, 0x16, 
  0x1f, 0x1f, 0x43, 0xf0, 0x06, 0x16, 0x0e, 0x01, 0xbe, 0xad, 0xe8, 0x37, 
  0xff, 0x4f, 0x1c, 0x24, 0xc8, 0xc1, 0xaa, 0x36, 0x11, 0xdb, 0x00, 0xf1, 
  0x0a, 0x3a, 0xc2, 0x02, 0x35, 0x05, 0xdd, 0xf3, 0x55, 0x19, 0xc1, 0xb3, 
  0x25, 0x46, 0xf3, 0x1d, 0xd2, 0xfc, 0xa9, 0x15, 0xfc, 0x2c, 0xc5, 0xf7, 
  0xee, 0x3b, 0x53, 0x25, 0x24, 0xc9, 0xf5, 0xfc, 0x40, 0xb4, 0x54, 0xc4, 
  0x29, 0xf2, 0x21, 0xb0, 0xd0, 0xf4, 0xbd, 0xda, 0xb8, 0x45, 0xcc, 0x3d, 
  0x42, 0xbc, 0x37, 0x06, 0xea, 0xb9, 0xa8, 0xbc, 0x4a, 0x1f, 0x44, 0x24, 
  0xf4, 0xa9, 0xac, 0xaa, 0xd7, 0xf6, 0xf5, 0xda, 0xf6, 0x3b, 0xc7, 0xe7, 
  0x2b, 0xba, 0x02, 0x2a, 0x25, 0x0b, 0x37, 0x00, 0xe4, 0xa9, 0x0e, 0x36, 
  0xab, 0x55, 0x2e, 0x4b, 0xfa, 0x40, 0x0c, 0x42, 0x04, 0x4e, 0xdc, 0x13, 
  0xec, 0x1f, 0x42, 0xfa, 0x56, 0x17, 0x2c, 0x17, 0xb8, 0x43, 0xdb, 0x3a, 
  0xf1, 0xda, 0x46, 0x2b, 0xce, 0xcf, 0x4c, 0x45, 0xe0, 0xc9, 0x56, 0x50, 
  0x2f, 0x49, 0x40, 0x26, 0x4d, 0x4d, 0x1b, 0x4d, 0x23, 0x3b, 0xb4, 0x1a, 
  0x1e, 0xc1, 0x4c, 0xe4, 0x59, 0x1a, 0x3f, 0xed, 0x0e, 0x3b, 0xe6, 0x53, 
  0x5e, 0xbe, 0x08, 0x23, 0x13, 0x0a, 0x13, 0x50, 0x57, 0x42, 0xd1, 0xf1, 
  0xd9, 0x22, 0xf6, 0xbd, 0x3c, 0x18, 0x5f, 0x36, 0x53, 0xf3, 0x02, 0xfe, 
  0x59, 0x05, 0x31, 0x45, 0x0e, 0xcb, 0xc4, 0x42, 0xd5, 0x32, 0x15, 0x08, 
  0x06, 0x1e, 0x51, 0x34, 0xd9, 0x6b, 0x50, 0x5e, 0xf5, 0xd5, 0x14, 0xc7, 
  0x6a, 0xfb, 0x13, 0x2b, 0x64, 0xe6, 0x33, 0x0a, 0x2e, 0x20, 0xee, 0x23, 
  0x46, 0x56, 0x51, 0x45, 0x42, 0xff, 0x16, 0x51, 0x65, 0x0a, 0x5f, 0x50, 
  0x13, 0x3f, 0x09, 0xf6, 0xe6, 0x32, 0xe2, 0x5b, 0x2b, 0x51, 0x32, 0x1e, 
  0xf2, 0x53, 0x3c, 0xef, 0x1a, 0x01, 0x29, 0xe8, 0x47, 0x61, 0xf2, 0xcc, 
  0x54, 0x5c, 0x0f, 0xf7, 0xef, 0x50, 0x09, 0x49, 0x5f, 0xe8, 0x58, 0x0c, 
  0xe9, 0xf9, 0x1a, 0x38, 0xf5, 0xe2, 0x51, 0x47, 0x57, 0xce, 0x2a, 0xfe, 
  0x63, 0x0a, 0x40, 0x0d, 0xfb, 0x6f, 0x2d, 0x1e, 0xfb, 0x34, 0x1a, 0xf6, 
  0x3b, 0x47, 0x0c, 0x61, 0x19, 0xf8, 0xd0, 0x3b, 0x11, 0xcd, 0x41, 0x30, 
  0x4a, 0x61, 0xed, 0x4d, 0xee, 0x14, 0x1b, 0xcd, 0x39, 0x61, 0x2b, 0xf7, 
  0x11, 0xce, 0xfd, 0xec, 0x03, 0x18, 0xf4, 0xbd, 0x0b, 0x3a, 0xfa, 0x23, 
  0xd8, 0x11, 0x08, 0x50, 0xef, 0x60, 0xf8, 0x0e, 0xff, 0x68, 0xdd, 0xce, 
  0xea, 0x25, 0x56, 0x53, 0x3a, 0x01, 0xde, 0x04, 0xce, 0xdb, 0xbc, 0xc9, 
  0x64, 0x0c, 0x04, 0xed, 0x43, 0x2d, 0x1d, 0x48, 0xc6, 0x29, 0x5a, 0x3d, 
  0x0b, 0x4e, 0x19, 0xd6, 0x22, 0x36, 0x5c, 0x64, 0x31, 0x42, 0xe8, 0x2d, 
  0x65, 0x01, 0x44, 0xca, 0x33, 0x29, 0xf4, 0x4a, 0x3a, 0x65, 0xf5, 0x65, 
  0x4e, 0x51, 0xf2, 0x1b, 0x49, 0x36, 0x4c, 0xd3, 0xc7, 0x4c, 0x03, 0x27, 
  0x64, 0x2d, 0xff, 0xc1, 0xd4, 0x43, 0x67, 0xc3, 0x50, 0x66, 0x3f, 0xdb, 
  0xcb, 0xd6, 0x5d, 0xe2, 0x37, 0xdc, 0xdc, 0xd2, 0x15, 0x3b, 0x1e, 0x6d, 
  0x2d, 0x25, 0x0b, 0xf0, 0x07, 0x08, 0xcd, 0x4a, 0x04, 0x2c, 0xe9, 0x44, 
  0x35, 0xed, 0x3f, 0x5b, 0xdc, 0x37, 0xf5, 0xf5, 0xeb, 0x4d, 0xfc, 0x57, 
  0xf1, 0xe4, 0x5e, 0x52, 0x3e, 0xdf, 0xcd, 0xb6, 0xcb, 0x29, 0xc0, 0xea, 
  0xa7, 0x09, 0xe5, 0xc5, 0x10, 0xf6, 0x13, 0xe7, 0x40, 0xa3, 0x1a, 0xdb, 
  0xd9, 0xf7, 0x30, 0x16, 0xec, 0xe9, 0x06, 0x07, 0x0c, 0x04, 0xc2, 0xb2, 
  0xb4, 0xc6, 0x39, 0xf8, 0x0c, 0xa9, 0x31, 0xda, 0xc5, 0x92, 0x4a, 0xf5, 
  0x23, 0xc1, 0xca, 0xad, 0x0c, 0xca, 0x16, 0xca, 0xe6, 0x0d, 0x2a, 0x45, 
  0x1e, 0x4a, 0x1c, 0xe8, 0x1c, 0xb3, 0x12, 0xc0, 0x32, 0x39, 0x42, 0xf4, 
  0xb9, 0xd6, 0xdc, 0x48, 0x3e, 0x1d, 0x58, 0xac, 0x05, 0xb5, 0x15, 0x43, 
  0x3f, 0x03, 0xb6, 0xc4, 0xa1, 0xa4, 0xe5, 0x01, 0x0f, 0xf1, 0x06, 0xbe, 
  0xe0, 0x27, 0x2d, 0xd3, 0x3b, 0xd3, 0x32, 0x2b, 0x32, 0x21, 0x10, 0xf5, 
  0xdc, 0xd9, 0x43, 0xdd, 0xa4, 0xa8, 0x5f, 0xe8, 0xe2, 0xe9, 0x24, 0x0d, 
  0xe1, 0xcf, 0xf3, 0xd1, 0x07, 0x0d, 0x18, 0x2b, 0xd0, 0x24, 0x1c, 0xbb, 
  0x32, 0xe3, 0xe8, 0x0f, 0x00, 0x02, 0x66, 0xf5, 0xeb, 0x76, 0xec, 0xa8, 
  0xd7, 0x07, 0xe9, 0x37, 0x32, 0xd1, 0xe9, 0xe3, 0x00, 0x46, 0x1a, 0x2b, 
  0x11, 0xd9, 0xa4, 0x4c, 0xc7, 0xf9, 0xe2, 0xbb, 0x01, 0x3a, 0xe8, 0x04, 
  0x2e, 0xe9, 0x16, 0x57, 0xf7, 0x18, 0x22, 0xfd, 0x00, 0xf5, 0x2d, 0xae, 
  0x5f, 0xa0, 0x1a, 0xf7, 0xf5, 0x16, 0xda, 0xc7, 0x13, 0x24, 0x99, 0xd8, 
  0x1e, 0xfd, 0xb7, 0x33, 0xfe, 0x40, 0x0f, 0x18, 0xa9, 0xf4, 0xae, 0x35, 
  0xf3, 0xbf, 0xbc, 0x4d, 0xc2, 0xb7, 0x57, 0x1a, 0x08, 0x49, 0xec, 0xae, 
  0x57, 0xec, 0xd1, 0x2c, 0x11, 0x43, 0x3a, 0xd2, 0x17, 0x0e, 0xce, 0x30, 
  0x40, 0xd1, 0x06, 0x3c, 0xa3, 0xcc, 0x0f, 0xc3, 0xaa, 0x37, 0xea, 0x31, 
  0xeb, 0xdf, 0x08, 0x4b, 0x40, 0xd2, 0xc7, 0xf8, 0xc8, 0x02, 0xe6, 0xd1, 
  0xf4, 0xe2, 0x3c, 0xcb, 0xa4, 0x03, 0x3b, 0x17, 0x42, 0x11, 0x16, 0x05, 
  0xdf, 0xa4, 0xae, 0xb4, 0xd0, 0xfc, 0x54, 0xbf, 0x1d, 0x26, 0xad, 0xa2, 
  0xf5, 0x17, 0x0c, 0x0b, 0x45, 0x12, 0xad, 0x03, 0xba, 0x47, 0x07, 0xbd, 
  0x46, 0xed, 0x32, 0xa4, 0xa5, 0x37, 0x23, 0x45, 0x0b, 0x9b, 0x43, 0xe4, 
  0xaf, 0xe1, 0xae, 0x15, 0x24, 0xfb, 0xf8, 0xaf, 0xd8, 0xd4, 0xf7, 0x53, 
  0x1e, 0xaf, 0x32, 0xb8, 0x36, 0x1e, 0x44, 0x48, 0xaf, 0xe2, 0x3e, 0xac, 
  0x56, 0x24, 0xdb, 0xda, 0x41, 0x1f, 0x22, 0x45, 0xdc, 0xfc, 0xcf, 0x14, 
  0xb1, 0x37, 0x08, 0xc0, 0xfc, 0xc9, 0xd2, 0xa4, 0xf9, 0xe4, 0x3d, 0x4d, 
  0x3b, 0xd1, 0x21, 0xf4, 0xe7, 0xba, 0x11, 0xbc, 0x04, 0xe1, 0x2b, 0x44, 
  0xde, 0x37, 0xec, 0xdc, 0x12, 0xfd, 0xfe, 0xce, 0xdd, 0xf4, 0x0b, 0x4e, 
  0x4a, 0xf3, 0xdd, 0x23, 0xbe, 0x4f, 0xb7, 0x49, 0x49, 0xd6, 0x22, 0xd8, 
  0x5c, 0xfa, 0x50, 0x18, 0xf5, 0xdc, 0xe8, 0xac, 0xd3, 0xfb, 0x05, 0xbd, 
  0xff, 0x3f, 0x41, 0x06, 0xca, 0x4a, 0xc2, 0x02, 0xd5, 0x13, 0x06, 0xe8, 
  0x54, 0xf6, 0x12, 0x1a, 0xa7, 0xbb, 0xb0, 0x45, 0xce, 0x59, 0x24, 0xb4, 
  0xcb, 0xfb, 0x3c, 0x02, 0xfb, 0x3b, 0xcc, 0x42, 0x03, 0x49, 0xc2, 0x1c, 
  0x09, 0xdd, 0x54, 0x05, 0xea, 0x18, 0xae, 0x0b, 0xad, 0xbe, 0x3d, 0xdc, 
  0xe8, 0x21, 0xca, 0x0c, 0x4e, 0xf0, 0x38, 0x22, 0x12, 0xcf, 0xf8, 0x16, 
  0xb7, 0x0a, 0x48, 0x30, 0xaa, 0x56, 0x3d, 0x1b, 0xe4, 0xc8, 0xd9, 0x18, 
  0x2f, 0xe0, 0x53, 0xee, 0xc9, 0xdb, 0xde, 0xd9, 0xb7, 0x31, 0x32, 0xce, 
  0x0d, 0x3b, 0xb0, 0x3e, 0xc4, 0xe6, 0xf6, 0x19, 0x51, 0xe4, 0xf3, 0x58, 
  0x17, 0x11, 0x1f, 0xe4, 0x1e, 0xdd, 0x54, 0xf5, 0xe5, 0x3e, 0xb7, 0xe1, 
  0x1b, 0x17, 0x1a, 0xb0, 0xc4, 0x45, 0xb8, 0x48, 0x07, 0xd0, 0xa9, 0x4f, 
  0xd4, 0xf4, 0x21, 0x2d, 0xc9, 0x18, 0xb8, 0xc9, 0xd9, 0xfa, 0xc3, 0x14, 
  0x09, 0xb4, 0x3e, 0x47, 0x10, 0xed, 0x21, 0xc0, 0xfc, 0x03, 0xc6, 0xd4, 
  0x01, 0xfa, 0xd9, 0x13, 0xff, 0x45, 0xd5, 0x31, 0x2c, 0xea, 0xbb, 0xb7, 
  0x0b, 0xcd, 0x2f, 0x36, 0x3a, 0x53, 0x31, 0xde, 0xce, 0xe1, 0x13, 0x0d, 
  0x47, 0x43, 0xcf, 0xda, 0x49, 0x20, 0xf1, 0x30, 0xb3, 0xe6, 0xc6, 0xbf, 
  0x34, 0xc4, 0xc0, 0x30, 0xd8, 0x04, 0x3f, 0xe7, 0xdf, 0x04, 0xee, 0x1f, 
  0xef, 0xb2, 0x5a, 0xcb, 0x42, 0x25, 0xeb, 0x17, 0x55, 0xe6, 0xee, 0xda, 
  0x28, 0x1b, 0xb3, 0x4b, 0xed, 0xd7, 0xe5, 0xe6, 0xa5, 0x3e, 0x17, 0x45, 
  0x01, 0x49, 0x3c, 0x19, 0xd6, 0x4b, 0xf1, 0xf5, 0x46, 0x37, 0x6a, 0x0e, 
  0xef, 0xc8, 0x03, 0x21, 0xce, 0xcd, 0xbd, 0xeb, 0x10, 0x50, 0x55, 0xf6, 
  0xd7, 0x15, 0x22, 0xbe, 0xd6, 0xc7, 0x53, 0xdd, 0xe1, 0xbf, 0x1f, 0x2b, 
  0x4a, 0xc0, 0xe5, 0xc5, 0x40, 0x31, 0x1c, 0x5a, 0x1e, 0x09, 0xbd, 0xfc, 
  0x41, 0x41, 0xcd, 0x35, 0x1f, 0x02, 0xf4, 0x5d, 0xf2, 0x60, 0x4f, 0xe0, 
  0x18, 0x44, 0x3f, 0xe3, 0xd6, 0x1b, 0xe5, 0x52, 0x3b, 0xf7, 0xe5, 0x0a, 
  0xd0, 0x4c, 0xb7, 0xd1, 0x03, 0x25, 0x3a, 0xd7, 0x16, 0xc7, 0xd8, 0xb5, 
  0xca, 0x06, 0xaa, 0x2a, 0x63, 0xaa, 0xfa, 0x17, 0xb2, 0x1f, 0xdd, 0xcc, 
  0xd2, 0x03, 0xe0, 0x38, 0x24, 0xd8, 0xf0, 0x61, 0x07, 0xea, 0xf0, 0xde, 
  0xdf, 0x2b, 0xd2, 0xd0, 0x1f, 0x28, 0x13, 0x66, 0xc4, 0xa8, 0x66, 0x10, 
  0xc0, 0x48, 0x4c, 0x23, 0x3f, 0x04, 0x49, 0xd0, 0x26, 0x11, 0xe2, 0x0e, 
  0x33, 0xc8, 0xc8, 0xbc, 0xc9, 0xf3, 0xe6, 0x64, 0xcb, 0x2a, 0x18, 0xde, 
  0x12, 0xe3, 0xca, 0xe4, 0x09, 0xe5, 0xd7, 0xd9, 0xec, 0xf3, 0x14, 0xb5, 
  0xae, 0xf1, 0xee, 0x39, 0x5b, 0x3f, 0x4c, 0x16, 0x0e, 0x3e, 0xe5, 0x24, 
  0xb0, 0xc7, 0xbf, 0xda, 0x21, 0xc7, 0x13, 0xf8, 0x1a, 0x10, 0x42, 0xd7, 
  0xe8, 0x67, 0xb1, 0x14, 0x0b, 0x1f, 0x26, 0xbc, 0xe5, 0x3a, 0xe7, 0x2c, 
  0x0a, 0x35, 0x0e, 0xdd, 0xc1, 0xdd, 0x36, 0x09, 0x14, 0xd2, 0xf0, 0x31, 
  0xbc, 0xcb, 0x0b, 0xfa, 0xbc, 0xc2, 0xcc, 0x3e, 0x2a, 0xbe, 0xe6, 0x12, 
  0x45, 0x36, 0xe0, 0x3c, 0x3b, 0x14, 0x43, 0x2b, 0x45, 0x4f, 0x38, 0xf4, 
  0x0d, 0x2c, 0x18, 0x0a, 0xed, 0xa9, 0x0f, 0xe7, 0x41, 0x1e, 0xea, 0xff, 
  0x45, 0x20, 0x2f, 0x12, 0x47, 0x02, 0xd1, 0xd1, 0xac, 0x03, 0x00, 0x49, 
  0xce, 0xd5, 0x24, 0x0c, 0xd6, 0xd4, 0x3b, 0x34, 0x24, 0xea, 0xe4, 0x3b, 
  0xd5, 0xdd, 0xd6, 0x16, 0xd1, 0x0b, 0xd2, 0x59, 0x36, 0x6a, 0x13, 0xcd, 
  0xc9, 0xde, 0xa9, 0xdb, 0x30, 0x3f, 0xda, 0xed, 0x42, 0x39, 0xf0, 0x2f, 
  0x17, 0x52, 0xcc, 0x1c, 0xf2, 0x12, 0x4e, 0x10, 0xd7, 0xdc, 0xd6, 0xdd, 
  0x10, 0x6b, 0xf1, 0xca, 0xec, 0xa8, 0x51, 0xca, 0xd9, 0x14, 0x56, 0x2a, 
  0x4f, 0xed, 0xb7, 0xe1, 0x0e, 0xe8, 0xe4, 0x21, 0x12, 0xc0, 0x34, 0x20, 
  0xc5, 0xd2, 0xf2, 0x41, 0x17, 0xd9, 0xc0, 0x0f, 0x0b, 0xfc, 0x4a, 0xfa, 
  0x48, 0x16, 0x20, 0x23, 0x1e, 0x46, 0x3a, 0xce, 0xf0, 0x40, 0xe1, 0x49, 
  0xea, 0xe6, 0xfc, 0xde, 0x01, 0xe2, 0x31, 0x17, 0xf5, 0xee, 0xd7, 0xdc, 
  0x2a, 0xf3, 0x04, 0xe5, 0xcf, 0x2c, 0xe4, 0x4a, 0xb0, 0x44, 0xfa, 0x23, 
  0x25, 0xe7, 0xb2, 0x36, 0x64, 0xd4, 0x30, 0x00, 0xb9, 0xd4, 0x08, 0xc7, 
  0xfa, 0x12, 0xe7, 0x53, 0x58, 0xe9, 0xd6, 0xfa, 0xdd, 0x00, 0x24, 0xd4, 
  0x24, 0x50, 0x05, 0xc5, 0x1b, 0x02, 0x0f, 0x33, 0xfa, 0x3d, 0xed, 0xf2, 
  0xdf, 0x55, 0xd2, 0xe2, 0xf5, 0x21, 0x3d, 0x04, 0xc6, 0xf1, 0xc6, 0x0f, 
  0x12, 0x4b, 0x13, 0xde, 0x67, 0xd7, 0x06, 0x13, 0xc4, 0x2e, 0x09, 0x9b, 
  0xf8, 0x15, 0x06, 0x1c, 0xd0, 0x1b, 0x25, 0xf3, 0xe8, 0x06, 0x36, 0xde, 
  0x30, 0x47, 0x9e, 0x37, 0x05, 0x2f, 0x52, 0x4c, 0xc7, 0xcd, 0xe2, 0xed, 
  0xd0, 0x5f, 0xb1, 0x0b, 0x5d, 0x29, 0x2f, 0x40, 0xbc, 0x4a, 0x08, 0xbc, 
  0xd2, 0xfe, 0xa2, 0x43, 0xc9, 0x3a, 0x20, 0xf1, 0xe9, 0x5a, 0x32, 0x07, 
  0x60, 0x4b, 0xbb, 0x36, 0x2b, 0xbe, 0x18, 0xe1, 0xd0, 0x18, 0x05, 0x06, 
  0x1d, 0xc2, 0x40, 0x5f, 0xb5, 0x98, 0x40, 0x31, 0x9c, 0x1e, 0x1c, 0xe8, 
  0x28, 0xf7, 0x0a, 0xf5, 0x3d, 0xce, 0xc2, 0x52, 0x32, 0x3d, 0x3b, 0xea, 
  0xe8, 0x52, 0xf0, 0x41, 0x57, 0x06, 0x48, 0xb4, 0xcc, 0xfb, 0x49, 0xc0, 
  0xe4, 0xcc, 0xcd, 0xcc, 0x3a, 0xc0, 0xeb, 0xdf, 0x2d, 0x12, 0xd5, 0xaf, 
  0x11, 0x0e, 0xa3, 0x3f, 0xd1, 0xc2, 0x1b, 0x01, 0x48, 0xd2, 0x24, 0x00, 
  0xce, 0x3d, 0xe4, 0x19, 0xcf, 0xcf, 0x0a, 0x33, 0x10, 0xfb, 0x2b, 0xb8, 
  0x1a, 0xf7, 0x31, 0x47, 0x3b, 0xa7, 0x22, 0xf8, 0x03, 0x22, 0x2d, 0x35, 
  0xa7, 0x58, 0xb5, 0xb6, 0x4d, 0x26, 0xf5, 0x2d, 0xb0, 0x23, 0x33, 0x2f, 
  0xee, 0x15, 0xd1, 0xe8, 0x2d, 0x29, 0x48, 0xfd, 0x38, 0x40, 0x1d, 0x4c, 
  0xd8, 0x08, 0xe7, 0x33, 0x3a, 0x46, 0xf1, 0xc3, 0xeb, 0x10, 0xb0, 0x02, 
  0xc2, 0xc8, 0xdd, 0x0d, 0xfd, 0x5b, 0x2e, 0xee, 0x57, 0x05, 0xde, 0x57, 
  0x48, 0x20, 0x57, 0x40, 0xcf, 0x11, 0xc0, 0x04, 0x27, 0xfa, 0x17, 0xca, 
  0xbc, 0xd0, 0xb7, 0x1f, 0xc6, 0xed, 0x18, 0xcc, 0x25, 0xf6, 0xff, 0x2a, 
  0x4a, 0xc6, 0x00, 0xc6, 0x15, 0xb2, 0xa5, 0xaf, 0xe0, 0xfe, 0x03, 0xfe, 
  0x1a, 0x47, 0xda, 0xc2, 0x0d, 0xb1, 0x11, 0xba, 0xe5, 0xba, 0x4f, 0xed, 
  0x45, 0xc2, 0x25, 0x3a, 0x08, 0x13, 0xf8, 0xd8, 0xfe, 0x2e, 0xa9, 0x20, 
  0x45, 0x06, 0x47, 0x1a, 0xf7, 0xf4, 0x3d, 0x0a, 0x2d, 0xa6, 0x4c, 0xc1, 
  0x31, 0xa5, 0x06, 0xe9, 0xbc, 0x55, 0x39, 0x08, 0xee, 0xfd, 0xf4, 0xe4, 
  0x2d, 0x25, 0xf8, 0xeb, 0xed, 0x09, 0xfb, 0xb7, 0xc6, 0xc3, 0xda, 0x06, 
  0x09, 0xfd, 0x22, 0x04, 0x02, 0xdb, 0x34, 0xbd, 0x17, 0x37, 0x31, 0x54, 
  0x06, 0x40, 0xf0, 0x3a, 0xc9, 0x38, 0x20, 0x39, 0x26, 0x24, 0x26, 0x13, 
  0x09, 0x0a, 0xec, 0xfa, 0xdf, 0x49, 0xcf, 0x2e, 0xe1, 0xfb, 0xcc, 0x26, 
  0xe1, 0x3c, 0x07, 0x2a, 0xc9, 0x11, 0xf5, 0x40, 0xe6, 0x0c, 0x01, 0x25, 
  0xe9, 0x18, 0xaf, 0xbe, 0xdf, 0x14, 0x3a, 0xc9, 0x10, 0x4b, 0x0b, 0xba, 
  0x11, 0xb3, 0xdb, 0xda, 0xd7, 0xea, 0xf8, 0x29, 0xd5, 0xc7, 0x17, 0xdc, 
  0xcd, 0xfb, 0x4e, 0xfe, 0xe9, 0x4f, 0xe6, 0x32, 0xeb, 0xbd, 0xfe, 0x0f, 
  0xb3, 0xdb, 0xeb, 0x06, 0x1d, 0x5c, 0xcb, 0x25, 0x55, 0xac, 0xbe, 0xe4, 
  0xd8, 0x0f, 0x0d, 0xb0, 0x02, 0x36, 0xf8, 0xf9, 0xd1, 0xb1, 0x23, 0x0a, 
  0xd5, 0xcc, 0xf1, 0xc4, 0x43, 0xc5, 0xbc, 0x45, 0xbc, 0xe3, 0x13, 0x39, 
  0xed, 0x3b, 0x30, 0xff, 0xc9, 0xf5, 0xda, 0x08, 0x2f, 0x38, 0x45, 0x1c, 
  0x3d, 0xef, 0xe8, 0x16, 0xc9, 0x0e, 0x34, 0x29, 0xd4, 0xb3, 0xbd, 0x35, 
  0x1a, 0x30, 0x19, 0x3a, 0xd9, 0x29, 0xcb, 0x47, 0xcc, 0x31, 0x3d, 0xc0, 
  0xc4, 0xb6, 0xfc, 0x45, 0xe6, 0x05, 0x32, 0xab, 0xee, 0x4f, 0x00, 0x3d, 
  0x07, 0x47, 0x34, 0x16, 0xb8, 0xda, 0xdf, 0x30, 0x22, 0xb8, 0xfd, 0xb8, 
  0x0b, 0xf1, 0xaf, 0x47, 0x08, 0xa5, 0x25, 0x42, 0xab, 0x07, 0x06, 0x15, 
  0x07, 0x3c, 0x30, 0x06, 0x17, 0xb3, 0xb9, 0x3b, 0xb5, 0xee, 0x00, 0xda, 
  0x00, 0xcf, 0xa9, 0x44, 0x22, 0xbf, 0xfb, 0x45, 0x2b, 0xf0, 0x10, 0xf4, 
  0x1a, 0x03, 0xd2, 0xad, 0x0a, 0x1f, 0x32, 0x16, 0x12, 0xcc, 0x46, 0xfe, 
  0xee, 0x03, 0x37, 0x28, 0xaf, 0x02, 0x0f, 0xe5, 0x1a, 0xbc, 0x49, 0xbd, 
  0xe0, 0x57, 0xc3, 0x42, 0x13, 0xad, 0xc0, 0x39, 0x4c, 0x28, 0x06, 0x07, 
  0xb9, 0xdb, 0x16, 0xf0, 0x05, 0x4e, 0x4e, 0x07, 0xea, 0x33, 0x58, 0x0a, 
  0x3a, 0x1c, 0xf2, 0x4c, 0x47, 0xbb, 0xec, 0xd1, 0x0a, 0x05, 0x0b, 0xd5, 
  0xec, 0xf6, 0x37, 0xad, 0xed, 0xd3, 0xb3, 0x17, 0xe3, 0x05, 0x0e, 0xf5, 
  0x45, 0xd9, 0xa1, 0x29, 0x4d, 0xb7, 0xb9, 0x0d, 0x37, 0x37, 0x4d, 0x06, 
  0x37, 0xec, 0x07, 0xe0, 0x1c, 0xd6, 0x03, 0x51, 0xf6, 0x2d, 0xc7, 0x2f, 
  0x0f, 0xde, 0x4c, 0xdd, 0xe1, 0x2e, 0x09, 0xc9, 0xd2, 0xca, 0xe6, 0x4b, 
  0x0b, 0x66, 0x0d, 0xa3, 0xca, 0x01, 0xf6, 0x3e, 0x26, 0xed, 0xf1, 0xbb, 
  0xae, 0x1e, 0xca, 0xb6, 0x0f, 0x4c, 0x22, 0xd8, 0xfc, 0x2c, 0x09, 0xa5, 
  0x0f, 0x32, 0x35, 0xac, 0xf5, 0xe4, 0x2c, 0xdd, 0xf6, 0xf0, 0xc8, 0xcb, 
  0x57, 0x20, 0x1f, 0xe8, 0x31, 0xad, 0xc8, 0x2f, 0xb8, 0xd7, 0x1b, 0xf7, 
  0xff, 0xbd, 0xf4, 0xcd, 0x32, 0x4d, 0x13, 0xcc, 0x22, 0xb8, 0x16, 0xd1, 
  0x51, 0xbb, 0xe5, 0xe9, 0x60, 0xb6, 0x10, 0xe8, 0x1d, 0x30, 0xda, 0x0f, 
  0x39, 0xd6, 0x05, 0x06, 0xf2, 0x24, 0x57, 0x33, 0x22, 0x02, 0x64, 0xec, 
  0xbb, 0xcc, 0xa3, 0x0d, 0x48, 0xb0, 0x36, 0xd5, 0xff, 0x5f, 0x13, 0x19, 
  0xe1, 0xbc, 0xbe, 0xb5, 0xd5, 0x44, 0x2d, 0x47, 0xb4, 0xf6, 0x5f, 0x3c, 
  0xcc, 0xeb, 0x48, 0x51, 0x43, 0xc6, 0xb6, 0xff, 0x1f, 0x4d, 0x24, 0x47, 
  0x51, 0xe3, 0xeb, 0x0e, 0xc1, 0x4c, 0x53, 0x4b, 0xd2, 0x18, 0xb7, 0x15, 
  0x04, 0x2d, 0x2e, 0x3e, 0x55, 0xa9, 0xc5, 0x1e, 0x3b, 0x28, 0xc8, 0xcc, 
  0x57, 0xb3, 0x44, 0x24, 0x56, 0x00, 0xfa, 0x43, 0x53, 0xc7, 0xbe, 0x22, 
  0xc6, 0x1e, 0xd1, 0x2f, 0x47, 0xd9, 0x6c, 0x12, 0x5d, 0x35, 0x4b, 0x1b, 
  0x58, 0xd0, 0xc8, 0x3a, 0x28, 0x65, 0xdc, 0xe1, 0x57, 0xf8, 0xfb, 0x25, 
  0x00, 0xf1, 0x4e, 0x1c, 0x25, 0x57, 0xeb, 0x4c, 0x3d, 0x4d, 0x68, 0x36, 
  0x65, 0x27, 0x2e, 0x31, 0x63, 0x4a, 0xdb, 0x3c, 0xd7, 0x15, 0xbd, 0xe7, 
  0xc8, 0x68, 0x62, 0x1d, 0x1e, 0xf8, 0xc0, 0x00, 0xf7, 0xc9, 0xfb, 0xb8, 
  0x21, 0xcd, 0xf7, 0xce, 0x56, 0x4c, 0x62, 0x48, 0xeb, 0xe3, 0x3f, 0x63, 
  0xce, 0xca, 0x22, 0x02, 0x5d, 0x54, 0x33, 0x57, 0x0c, 0xf8, 0x33, 0x1a, 
  0x0c, 0x10, 0x0d, 0x30, 0x60, 0xd7, 0x6b, 0x19, 0x53, 0x69, 0x1b, 0xbe, 
  0xeb, 0x18, 0xf9, 0x33, 0x24, 0x27, 0x39, 0xdf, 0xf1, 0xcb, 0x1d, 0x0a, 
  0xca, 0xd8, 0xfc, 0x5d, 0x04, 0xff, 0xe1, 0x10, 0x0b, 0xe1, 0x0d, 0xcb, 
  0x27, 0xd8, 0xb6, 0xda, 0x0d, 0x42, 0x2b, 0x53, 0xb6, 0x66, 0x59, 0x43, 
  0x48, 0xe2, 0x5d, 0x52, 0x10, 0x56, 0x25, 0xe9, 0x3e, 0x0c, 0x28, 0x48, 
  0x48, 0x66, 0x48, 0x03, 0x39, 0xde, 0x2e, 0xc8, 0xfc, 0x59, 0x1a, 0x28, 
  0x0f, 0x24, 0x10, 0xdf, 0x5b, 0xe9, 0xd4, 0xce, 0x50, 0x05, 0xf2, 0x01, 
  0xed, 0x2c, 0xc3, 0xf0, 0x4b, 0xc2, 0x26, 0xe6, 0x4e, 0xc9, 0xca, 0xc8, 
  0xdd, 0xf3, 0x3b, 0x18, 0x35, 0xc4, 0x28, 0x36, 0x08, 0x4c, 0xed, 0x28, 
  0x4d, 0xf6, 0x2a, 0x30, 0x46, 0xde, 0x51, 0xd2, 0xf9, 0xc4, 0xd0, 0x34, 
  0xe6, 0x18, 0xc1, 0x10, 0x6b, 0x07, 0x40, 0xe2, 0x3e, 0xf2, 0xe0, 0xec, 
  0xd0, 0x43, 0xe8, 0x0a, 0x33, 0xec, 0x19, 0xe8, 0x4b, 0x1b, 0xd4, 0xe4, 
  0x3d, 0x4a, 0x08, 0xd6, 0x07, 0xbd, 0x4d, 0x5d, 0xd1, 0xd9, 0xf3, 0xe9, 
  0xfe, 0x0b, 0xcf, 0x12, 0xfb, 0xee, 0x2b, 0x5c, 0xef, 0xd4, 0x5b, 0xcb, 
  0x14, 0x47, 0xde, 0xcc, 0xe8, 0x50, 0xfb, 0xc0, 0xf4, 0x67, 0xcd, 0xe7, 
  0xed, 0x69, 0x11, 0x04, 0xd9, 0x53, 0x27, 0x13, 0x0d, 0x5e, 0xec, 0x53, 
  0x4e, 0x4f, 0xfa, 0x17, 0xff, 0x59, 0x0e, 0xeb, 0x3b, 0x69, 0xf7, 0xe0, 
  0x58, 0x66, 0xb6, 0x48, 0xeb, 0x14, 0xc9, 0xe5, 0x43, 0xaf, 0xc0, 0x2f, 
  0x35, 0xd7, 0xc5, 0xcf, 0x07, 0x28, 0xfe, 0x04, 0xeb, 0xf5, 0xd2, 0x1b, 
  0xe9, 0x3c, 0x33, 0x3b, 0xf9, 0x4d, 0xce, 0xc3, 0xa9, 0xad, 0xbf, 0xc9, 
  0xec, 0x2b, 0xde, 0xdc, 0x2c, 0xc4, 0xc1, 0xe9, 0x30, 0xbd, 0x0b, 0x47, 
  0xb9, 0xd6, 0xee, 0xb7, 0xfa, 0xc2, 0xdf, 0xaa, 0xfc, 0xce, 0x02, 0xda, 
  0xc6, 0xe0, 0x3c, 0x41, 0x06, 0xcf, 0xed, 0xb4, 0x3b, 0xde, 0x3f, 0xca, 
  0xf3, 0x1c, 0x27, 0xe7, 0xdd, 0xfa, 0xfd, 0xe1, 0x45, 0x16, 0xb1, 0xd4, 
  0xa8, 0x07, 0x00, 0xd1, 0xdc, 0x32, 0xf5, 0x27, 0xc7, 0x25, 0x16, 0xed, 
  0x2e, 0x40, 0xc2, 0xdd, 0x13, 0x56, 0x25, 0x2e, 0xea, 0x47, 0x39, 0x55, 
  0xc4, 0x49, 0x3a, 0x17, 0xb1, 0x23, 0xd1, 0xcd, 0xf7, 0xdc, 0xe2, 0x58, 
  0xb8, 0xc9, 0xd6, 0x2d, 0x04, 0xdb, 0xd1, 0x0e, 0x2c, 0xb5, 0x49, 0xd8, 
  0x13, 0x44, 0x22, 0x47, 0x19, 0xb0, 0x3f, 0xec, 0xef, 0xdc, 0x4f, 0x49, 
  0x29, 0xfc, 0xfc, 0xb9, 0x1c, 0x1c, 0xec, 0xb2, 0xe5, 0xf4, 0xb8, 0xae, 
  0x52, 0x22, 0x19, 0xe4, 0x25, 0x08, 0x47, 0x4d, 0xda, 0x08, 0x28, 0x47, 
  0xb2, 0x2b, 0x31, 0xc6, 0x4c, 0xff, 0x47, 0xa9, 0x54, 0x35, 0xc5, 0x0b, 
  0xb2, 0x1b, 0x38, 0x11, 0xef, 0x46, 0xbe, 0x32, 0xfe, 0xde, 0x1a, 0xe8, 
  0xa8, 0xc5, 0xc6, 0xb0, 0xf9, 0x40, 0xc3, 0xbc, 0x4d, 0x26, 0xdf, 0xcf, 
  0x57, 0xf7, 0xc6, 0x15, 0x09, 0x3f, 0x15, 0xed, 0xd1, 0x39, 0x37, 0x34, 
  0xc4, 0x07, 0xd5, 0xfb, 0xb1, 0x4b, 0xd7, 0x08, 0x52, 0xc4, 0xc4, 0x10, 
  0xd9, 0x3b, 0x1a, 0xd4, 0xd5, 0x2d, 0xe7, 0xb9, 0x34, 0x2d, 0x07, 0x46, 
  0xe5, 0x08, 0x3f, 0x23, 0xe1, 0xda, 0x36, 0xc5, 0xba, 0x57, 0xf4, 0x34, 
  0x57, 0x11, 0xfa, 0xbc, 0xfe, 0xed, 0x15, 0xe0, 0xe4, 0x2d, 0x01, 0x13, 
  0xe0, 0xe5, 0xcc, 0xd4, 0x27, 0xb4, 0x44, 0xe7, 0x18, 0xd4, 0x37, 0x37, 
  0xc5, 0xde, 0xab, 0x0b, 0x04, 0x21, 0xbd, 0x2d, 0xaf, 0xc5, 0xad, 0x53, 
  0xd7, 0x08, 0x23, 0xdd, 0xbf, 0x03, 0xd8, 0xa8, 0xd3, 0x27, 0x14, 0xaa, 
  0xd2, 0x04, 0x38, 0xff, 0x0c, 0xae, 0x02, 0xf1, 0xf8, 0x18, 0xe7, 0xd7, 
  0xf9, 0x23, 0xb9, 0xfa, 0xf4, 0xc7, 0x68, 0x12, 0xd3, 0xdc, 0x0b, 0xd6, 
  0x05, 0x4e, 0x15, 0x39, 0xee, 0xb3, 0xf2, 0x0f, 0x24, 0xd8, 0xec, 0x4f, 
  0xe4, 0x1a, 0x2c, 0xf8, 0xe8, 0x1a, 0x30, 0xf1, 0xe5, 0x59, 0x2c, 0x0c, 
  0x30, 0xc9, 0x02, 0x53, 0xda, 0x24, 0xe8, 0x1f, 0xba, 0xe1, 0xe8, 0x0e, 
  0xd7, 0x4a, 0x48, 0xd6, 0x4d, 0xc4, 0x06, 0x0e, 0xa7, 0xdb, 0xe0, 0xe9, 
  0x5e, 0x36, 0xca, 0xf6, 0xf9, 0xcf, 0xdc, 0x05, 0xd2, 0x0a, 0x23, 0xc3, 
  0xd2, 0x00, 0xb8, 0xbf, 0xdf, 0x36, 0x42, 0x05, 0x15, 0xca, 0x4b, 0xc1, 
  0xc1, 0x3a, 0x0f, 0x1d, 0x4b, 0x3d, 0xad, 0x41, 0x19, 0xb6, 0x22, 0xde, 
  0xc4, 0x16, 0xdb, 0xe5, 0x29, 0x26, 0x30, 0x20, 0xd4, 0xb2, 0xf0, 0xbd, 
  0x1f, 0xf5, 0xbb, 0xbe, 0xc4, 0xdc, 0x2c, 0x3e, 0xd2, 0x2e, 0xe0, 0x52, 
  0xb8, 0xea, 0x09, 0x2b, 0x3e, 0x47, 0x2c, 0xf6, 0xc9, 0x05, 0x51, 0x16, 
  0x33, 0x12, 0x53, 0xa4, 0xcb, 0xc7, 0x28, 0x52, 0xac, 0xa5, 0x4c, 0x56, 
  0x3d, 0xd3, 0x15, 0xb1, 0x27, 0xca, 0xc3, 0x2b, 0x10, 0xb6, 0xfd, 0xdc, 
  0x03, 0x5b, 0xc3, 0xdd, 0xe6, 0x42, 0xaa, 0x3e, 0xc4, 0xfd, 0xea, 0x35, 
  0x3c, 0x53, 0xfe, 0xd7, 0x3a, 0x01, 0xac, 0x25, 0xd3, 0xbb, 0xc1, 0xdd, 
  0xae, 0xe0, 0x40, 0x16, 0x27, 0xd1, 0x37, 0x01, 0xb5, 0xe7, 0x64, 0x01, 
  0xd5, 0xc8, 0xd2, 0x06, 0x64, 0x3a, 0xb6, 0x29, 0x4f, 0xc7, 0xd3, 0x48, 
  0x0a, 0x5a, 0xd5, 0xe2, 0x24, 0x2f, 0x55, 0x0c, 0xdf, 0xff, 0x39, 0x00, 
  0xd8, 0xd7, 0xcf, 0xbc, 0xc1, 0xd7, 0x4d, 0x42, 0xb6, 0xd0, 0xf8, 0xed, 
  0x1c, 0x35, 0x42, 0x10, 0x3b, 0x27, 0x49, 0x07, 0x51, 0x1d, 0x18, 0x36, 
  0xe6, 0x61, 0xf3, 0xd8, 0x25, 0xb9, 0xd9, 0xf2, 0xeb, 0xfc, 0x33, 0x1f, 
  0x19, 0x10, 0xfb, 0xd7, 0xea, 0xbd, 0x46, 0x59, 0x1c, 0x0a, 0xd0, 0xac, 
  0xc0, 0x23, 0x41, 0xed, 0xfd, 0x09, 0xc0, 0xda, 0xdd, 0x4b, 0x41, 0xbd, 
  0x3f, 0xb6, 0xe7, 0x10, 0xd9, 0x2f, 0x09, 0x0c, 0x13, 0x0a, 0x32, 0xbd, 
  0xf1, 0xea, 0x3d, 0x45, 0x84, 0xff, 0xff, 0xff, 0x88, 0xff, 0xff, 0xff, 
  0x0f, 0x00, 0x00, 0x00, 0x4d, 0x4c, 0x49, 0x52, 0x20, 0x43, 0x6f, 0x6e, 
  0x76, 0x65, 0x72, 0x74, 0x65, 0x64, 0x2e, 0x00, 0x01, 0x00, 0x00, 0x00, 
  0x14, 0x00, 0x00, 0x00, 0x00, 0x00, 0x0e, 0x00, 0x18, 0x00, 0x14, 0x00, 
  0x10, 0x00, 0x0c, 0x00, 0x08, 0x00, 0x04, 0x00, 0x0e, 0x00, 0x00, 0x00, 
  0x14, 0x00, 0x00, 0x00, 0x1c, 0x00, 0x00, 0x00, 0xec, 0x00, 0x00, 0x00, 
  0xf0, 0x00, 0x00, 0x00, 0xf4, 0x00, 0x00, 0x00, 0x04, 0x00, 0x00, 0x00, 
  0x6d, 0x61, 0x69, 0x6e, 0x00, 0x00, 0x00, 0x00, 0x03, 0x00, 0x00, 0x00, 
  0x94, 0x00, 0x00, 0x00, 0x4c, 0x00, 0x00, 0x00, 0x04, 0x00, 0x00, 0x00, 
  0xca, 0xff, 0xff, 0xff, 0x14, 0x00, 0x00, 0x00, 0x00, 0x00, 0x00, 0x08, 
  0x10, 0x00, 0x00, 0x00, 0x14, 0x00, 0x00, 0x00, 0x04, 0x00, 0x04, 0x00, 
  0x04, 0x00, 0x00, 0x00, 0x01, 0x00, 0x00, 0x00, 0x09, 0x00, 0x00, 0x00, 
  0x03, 0x00, 0x00, 0x00, 0x06, 0x00, 0x00, 0x00, 0x07, 0x00, 0x00, 0x00, 
  0x08, 0x00, 0x00, 0x00, 0x00, 0x00, 0x0e, 0x00, 0x14, 0x00, 0x00, 0x00, 
  0x10, 0x00, 0x0c, 0x00, 0x0b, 0x00, 0x04, 0x00, 0x0e, 0x00, 0x00, 0x00, 
  0x10, 0x00, 0x00, 0x00, 0x00, 0x00, 0x00, 0x08, 0x10, 0x00, 0x00, 0x00, 
  0x14, 0x00, 0x00, 0x00, 0xba, 0xff, 0xff, 0xff, 0x00, 0x00, 0x00, 0x01, 
  0x01, 0x00, 0x00, 0x00, 0x06, 0x00, 0x00, 0x00, 0x03, 0x00, 0x00, 0x00, 
  0x03, 0x00, 0x00, 0x00, 0x04, 0x00, 0x00, 0x00, 0x05, 0x00, 0x00, 0x00, 
  0x00, 0x00, 0x0e, 0x00, 0x16, 0x00, 0x00, 0x00, 0x10, 0x00, 0x0c, 0x00, 
  0x0b, 0x00, 0x04, 0x00, 0x0e, 0x00, 0x00, 0x00, 0x18, 0x00, 0x00, 0x00, 
  0x00, 0x00, 0x00, 0x08, 0x18, 0x00, 0x00, 0x00, 0x1c, 0x00, 0x00, 0x00, 
  0x00, 0x00, 0x06, 0x00, 0x08, 0x00, 0x07, 0x00, 0x06, 0x00, 0x00, 0x00, 
  0x00, 0x00, 0x00, 0x01, 0x01, 0x00, 0x00, 0x00, 0x03, 0x00, 0x00, 0x00, 
  0x03, 0x00, 0x00, 0x00, 0x00, 0x00, 0x00, 0x00, 0x01, 0x00, 0x00, 0x00, 
  0x02, 0x00, 0x00, 0x00, 0x01, 0x00, 0x00, 0x00, 0x09, 0x00, 0x00, 0x00, 
  0x01, 0x00, 0x00, 0x00, 0x00, 0x00, 0x00, 0x00, 0x0a, 0x00, 0x00, 0x00, 
  0x6c, 0x06, 0x00, 0x00, 0x8c, 0x05, 0x00, 0x00, 0xe8, 0x04, 0x00, 0x00, 
  0x04, 0x04, 0x00, 0x00, 0x40, 0x03, 0x00, 0x00, 0xbc, 0x02, 0x00, 0x00, 
  0xe0, 0x01, 0x00, 0x00, 0x0c, 0x01, 0x00, 0x00, 0x80, 0x00, 0x00, 0x00, 
  0x04, 0x00, 0x00, 0x00, 0xd2, 0xf9, 0xff, 0xff, 0x00, 0x00, 0x00, 0x01, 
  0x18, 0x00, 0x00, 0x00, 0x20, 0x00, 0x00, 0x00, 0x3c, 0x00, 0x00, 0x00, 
  0x0a, 0x00, 0x00, 0x00, 0x00, 0x00, 0x00, 0x09, 0x50, 0x00, 0x00, 0x00, 
  0x02, 0x00, 0x00, 0x00, 0xff, 0xff, 0xff, 0xff, 0x2c, 0x01, 0x00, 0x00, 
  0xbc, 0xf9, 0xff, 0xff, 0x08, 0x00, 0x00, 0x00, 0x10, 0x00, 0x00, 0x00, 
  0x01, 0x00, 0x00, 0x00, 0xf3, 0xff, 0xff, 0xff, 0xff, 0xff, 0xff, 0xff, 
  0x01, 0x00, 0x00, 0x00, 0x6b, 0x0c, 0xd0, 0x3d, 0x19, 0x00, 0x00, 0x00, 
  0x53, 0x74, 0x61, 0x74, 0x65, 0x66, 0x75, 0x6c, 0x50, 0x61, 0x72, 0x74, 
  0x69, 0x74, 0x69, 0x6f, 0x6e, 0x65, 0x64, 0x43, 0x61, 0x6c, 0x6c, 0x3a, 
  0x30, 0x00, 0x00, 0x00, 0x02, 0x00, 0x00, 0x00, 0x01, 0x00, 0x00, 0x00, 
  0x2c, 0x01, 0x00, 0x00, 0x26, 0xfb, 0xff, 0xff, 0x00, 0x00, 0x00, 0x01, 
  0x14, 0x00, 0x00, 0x00, 0x30, 0x00, 0x00, 0x00, 0x09, 0x00, 0x00, 0x00, 
  0x00, 0x00, 0x00, 0x02, 0x68, 0x00, 0x00, 0x00, 0x24, 0xfa, 0xff, 0xff, 
  0x08, 0x00, 0x00, 0x00, 0x10, 0x00, 0x00, 0x00, 0x01, 0x00, 0x00, 0x00, 
  0x00, 0x00, 0x00, 0x00, 0x00, 0x00, 0x00, 0x00, 0x01, 0x00, 0x00, 0x00, 
  0x6b, 0x85, 0xcf, 0x39, 0x3f, 0x00, 0x00, 0x00, 0x61, 0x6e, 0x6f, 0x6d, 
  0x61, 0x6c, 0x79, 0x5f, 0x61, 0x75, 0x74, 0x6f, 0x65, 0x6e, 0x63, 0x6f, 
  0x64, 0x65, 0x72, 0x2f, 0x71, 0x75, 0x61, 0x6e, 0x74, 0x5f, 0x72, 0x65, 
  0x63, 0x6f, 0x6e, 0x73, 0x74, 0x72, 0x75, 0x63, 0x74, 0x69, 0x6f, 0x6e, 
  0x2f, 0x42, 0x69, 0x61, 0x73, 0x41, 0x64, 0x64, 0x2f, 0x52, 0x65, 0x61, 
  0x64, 0x56, 0x61, 0x72, 0x69, 0x61, 0x62, 0x6c, 0x65, 0x4f, 0x70, 0x00, 
  0x01, 0x00, 0x00, 0x00, 0x2c, 0x01, 0x00, 0x00, 0xae, 0xfb, 0xff, 0xff, 
  0x00, 0x00, 0x00, 0x01, 0x14, 0x00, 0x00, 0x00, 0x34, 0x00, 0x00, 0x00, 
  0x08, 0x00, 0x00, 0x00, 0x00, 0x00, 0x00, 0x09, 0xac, 0x00, 0x00, 0x00, 
  0xac, 0xfa, 0xff, 0xff, 0x08, 0x00, 0x00, 0x00, 0x14, 0x00, 0x00, 0x00, 
  0x01, 0x00, 0x00, 0x00, 0x00, 0x00, 0x00, 0x00, 0x00, 0x00, 0x00, 0x00, 
  0x00, 0x00, 0x00, 0x00, 0x01, 0x00, 0x00, 0x00, 0xab, 0xfa, 0x16, 0x3b, 
  0x7f, 0x00, 0x00, 0x00, 0x61, 0x6e, 0x6f, 0x6d, 0x61, 0x6c, 0x79, 0x5f, 
  0x61, 0x75, 0x74, 0x6f, 0x65, 0x6e, 0x63, 0x6f, 0x64, 0x65, 0x72, 0x2f, 
  0x71, 0x75, 0x61, 0x6e, 0x74, 0x5f, 0x72, 0x65, 0x63, 0x6f, 0x6e, 0x73, 
  0x74, 0x72, 0x75, 0x63, 0x74, 0x69, 0x6f, 0x6e, 0x2f, 0x4d, 0x61, 0x74, 
  0x4d, 0x75, 0x6c, 0x3b, 0x61, 0x6e, 0x6f, 0x6d, 0x61, 0x6c, 0x79, 0x5f, 
  0x61, 0x75, 0x74, 0x6f, 0x65, 0x6e, 0x63, 0x6f, 0x64, 0x65, 0x72, 0x2f, 
  0x71, 0x75, 0x61, 0x6e, 0x74, 0x5f, 0x72, 0x65, 0x63, 0x6f, 0x6e, 0x73, 
  0x74, 0x72, 0x75, 0x63, 0x74, 0x69, 0x6f, 0x6e, 0x2f, 0x4c, 0x61, 0x73, 
  0x74, 0x56, 0x61, 0x6c, 0x75, 0x65, 0x51, 0x75, 0x61, 0x6e, 0x74, 0x2f, 
  0x46, 0x61, 0x6b, 0x65, 0x51, 0x75, 0x61, 0x6e, 0x74, 0x57, 0x69, 0x74, 
  0x68, 0x4d, 0x69, 0x6e, 0x4d, 0x61, 0x78, 0x56, 0x61, 0x72, 0x73, 0x00, 
  0x02, 0x00, 0x00, 0x00, 0x2c, 0x01, 0x00, 0x00, 0x10, 0x00, 0x00, 0x00, 
  0xa2, 0xfb, 0xff, 0xff, 0x00, 0x00, 0x00, 0x01, 0x18, 0x00, 0x00, 0x00, 
  0x20, 0x00, 0x00, 0x00, 0x40, 0x00, 0x00, 0x00, 0x07, 0x00, 0x00, 0x00, 
  0x00, 0x00, 0x00, 0x09, 0xb0, 0x00, 0x00, 0x00, 0x02, 0x00, 0x00, 0x00, 
  0xff, 0xff, 0xff, 0xff, 0x10, 0x00, 0x00, 0x00, 0x8c, 0xfb, 0xff, 0xff, 
  0x08, 0x00, 0x00, 0x00, 0x14, 0x00, 0x00, 0x00, 0x01, 0x00, 0x00, 0x00, 
  0x81, 0xff, 0xff, 0xff, 0xff, 0xff, 0xff, 0xff, 0x00, 0x00, 0x00, 0x00, 
  0x01, 0x00, 0x00, 0x00, 0xae, 0xef, 0x2f, 0x3e, 0x76, 0x00, 0x00, 0x00, 
  0x61, 0x6e, 0x6f, 0x6d, 0x61, 0x6c, 0x79, 0x5f, 0x61, 0x75, 0x74, 0x6f, 
  0x65, 0x6e, 0x63, 0x6f, 0x64, 0x65, 0x72, 0x2f, 0x71, 0x75, 0x61, 0x6e, 
  0x74, 0x5f, 0x6c, 0x61, 0x74, 0x65, 0x6e, 0x74, 0x2f, 0x4d, 0x61, 0x74, 
  0x4d, 0x75, 0x6c, 0x3b, 0x61, 0x6e, 0x6f, 0x6d, 0x61, 0x6c, 0x79, 0x5f, 
  0x61, 0x75, 0x74, 0x6f, 0x65, 0x6e, 0x63, 0x6f, 0x64, 0x65, 0x72, 0x2f, 
  0x71, 0x75, 0x61, 0x6e, 0x74, 0x5f, 0x6c, 0x61, 0x74, 0x65, 0x6e, 0x74, 
  0x2f, 0x52, 0x65, 0x6c, 0x75, 0x3b, 0x61, 0x6e, 0x6f, 0x6d, 0x61, 0x6c, 
  0x79, 0x5f, 0x61, 0x75, 0x74, 0x6f, 0x65, 0x6e, 0x63, 0x6f, 0x64, 0x65, 
  0x72, 0x2f, 0x71, 0x75, 0x61, 0x6e, 0x74, 0x5f, 0x6c, 0x61, 0x74, 0x65, 
  0x6e, 0x74, 0x2f, 0x42, 0x69, 0x61, 0x73, 0x41, 0x64, 0x64, 0x00, 0x00, 
  0x02, 0x00, 0x00, 0x00, 0x01, 0x00, 0x00, 0x00, 0x10, 0x00, 0x00, 0x00, 
  0x56, 0xfd, 0xff, 0xff, 0x00, 0x00, 0x00, 0x01, 0x14, 0x00, 0x00, 0x00, 
  0x30, 0x00, 0x00, 0x00, 0x06, 0x00, 0x00, 0x00, 0x00, 0x00, 0x00, 0x02, 
  0x60, 0x00, 0x00, 0x00, 0x54, 0xfc, 0xff, 0xff, 0x08, 0x00, 0x00, 0x00, 
  0x10, 0x00, 0x00, 0x00, 0x01, 0x00, 0x00, 0x00, 0x00, 0x00, 0x00, 0x00, 
  0x00, 0x00, 0x00, 0x00, 0x01, 0x00, 0x00, 0x00, 0xbe, 0x4f, 0x67, 0x3a, 
  0x37, 0x00, 0x00, 0x00, 0x61, 0x6e, 0x6f, 0x6d, 0x61, 0x6c, 0x79, 0x5f, 
  0x61, 0x75, 0x74, 0x6f, 0x65, 0x6e, 0x63, 0x6f, 0x64, 0x65, 0x72, 0x2f, 
  0x71, 0x75, 0x61, 0x6e, 0x74, 0x5f, 0x6c, 0x61, 0x74, 0x65, 0x6e, 0x74, 
  0x2f, 0x42, 0x69, 0x61, 0x73, 0x41, 0x64, 0x64, 0x2f, 0x52, 0x65, 0x61, 
  0x64, 0x56, 0x61, 0x72, 0x69, 0x61, 0x62, 0x6c, 0x65, 0x4f, 0x70, 0x00, 
  0x01, 0x00, 0x00, 0x00, 0x10, 0x00, 0x00, 0x00, 0xd6, 0xfd, 0xff, 0xff, 
  0x00, 0x00, 0x00, 0x01, 0x14, 0x00, 0x00, 0x00, 0x34, 0x00, 0x00, 0x00, 
  0x05, 0x00, 0x00, 0x00, 0x00, 0x00, 0x00, 0x09, 0x9c, 0x00, 0x00, 0x00, 
  0xd4, 0xfc, 0xff, 0xff, 0x08, 0x00, 0x00, 0x00, 0x14, 0x00, 0x00, 0x00, 
  0x01, 0x00, 0x00, 0x00, 0x00, 0x00, 0x00, 0x00, 0x00, 0x00, 0x00, 0x00, 
  0x00, 0x00, 0x00, 0x00, 0x01, 0x00, 0x00, 0x00, 0xcb, 0xe3, 0x74, 0x3b, 
  0x6f, 0x00, 0x00, 0x00, 0x61, 0x6e, 0x6f, 0x6d, 0x61, 0x6c, 0x79, 0x5f, 
  0x61, 0x75, 0x74, 0x6f, 0x65, 0x6e, 0x63, 0x6f, 0x64, 0x65, 0x72, 0x2f, 
  0x71, 0x75, 0x61, 0x6e, 0x74, 0x5f, 0x6c, 0x61, 0x74, 0x65, 0x6e, 0x74, 
  0x2f, 0x4d, 0x61, 0x74, 0x4d, 0x75, 0x6c, 0x3b, 0x61, 0x6e, 0x6f, 0x6d, 
  0x61, 0x6c, 0x79, 0x5f, 0x61, 0x75, 0x74, 0x6f, 0x65, 0x6e, 0x63, 0x6f, 
  0x64, 0x65, 0x72, 0x2f, 0x71, 0x75, 0x61, 0x6e, 0x74, 0x5f, 0x6c, 0x61, 
  0x74, 0x65, 0x6e, 0x74, 0x2f, 0x4c, 0x61, 0x73, 0x74, 0x56, 0x61, 0x6c, 
  0x75, 0x65, 0x51, 0x75, 0x61, 0x6e, 0x74, 0x2f, 0x46, 0x61, 0x6b, 0x65, 
  0x51, 0x75, 0x61, 0x6e, 0x74, 0x57, 0x69, 0x74, 0x68, 0x4d, 0x69, 0x6e, 
  0x4d, 0x61, 0x78, 0x56, 0x61, 0x72, 0x73, 0x00, 0x02, 0x00, 0x00, 0x00, 
  0x10, 0x00, 0x00, 0x00, 0x20, 0x00, 0x00, 0x00, 0xba, 0xfd, 0xff, 0xff, 
  0x00, 0x00, 0x00, 0x01, 0x18, 0x00, 0x00, 0x00, 0x20, 0x00, 0x00, 0x00, 
  0x40, 0x00, 0x00, 0x00, 0x04, 0x00, 0x00, 0x00, 0x00, 0x00, 0x00, 0x09, 
  0xb8, 0x00, 0x00, 0x00, 0x02, 0x00, 0x00, 0x00, 0xff, 0xff, 0xff, 0xff, 
  0x20, 0x00, 0x00, 0x00, 0xa4, 0xfd, 0xff, 0xff, 0x08, 0x00, 0x00, 0x00, 
  0x14, 0x00, 0x00, 0x00, 0x01, 0x00, 0x00, 0x00, 0x81, 0xff, 0xff, 0xff, 
  0xff, 0xff, 0xff, 0xff, 0x00, 0x00, 0x00, 0x00, 0x01, 0x00, 0x00, 0x00, 
  0x40, 0xce, 0x71, 0x3e, 0x7c, 0x00, 0x00, 0x00, 0x61, 0x6e, 0x6f, 0x6d, 
  0x61, 0x6c, 0x79, 0x5f, 0x61, 0x75, 0x74, 0x6f, 0x65, 0x6e, 0x63, 0x6f, 
  0x64, 0x65, 0x72, 0x2f, 0x71, 0x75, 0x61, 0x6e, 0x74, 0x5f, 0x64, 0x65, 
  0x6e, 0x73, 0x65, 0x5f, 0x31, 0x38, 0x2f, 0x4d, 0x61, 0x74, 0x4d, 0x75, 
  0x6c, 0x3b, 0x61, 0x6e, 0x6f, 0x6d, 0x61, 0x6c, 0x79, 0x5f, 0x61, 0x75, 
  0x74, 0x6f, 0x65, 0x6e, 0x63, 0x6f, 0x64, 0x65, 0x72, 0x2f, 0x71, 0x75, 
  0x61, 0x6e, 0x74, 0x5f, 0x64, 0x65, 0x6e, 0x73, 0x65, 0x5f, 0x31, 0x38, 
  0x2f, 0x52, 0x65, 0x6c, 0x75, 0x3b, 0x61, 0x6e, 0x6f, 0x6d, 0x61, 0x6c, 
  0x79, 0x5f, 0x61, 0x75, 0x74, 0x6f, 0x65, 0x6e, 0x63, 0x6f, 0x64, 0x65, 
  0x72, 0x2f, 0x71, 0x75, 0x61, 0x6e, 0x74, 0x5f, 0x64, 0x65, 0x6e, 0x73, 
  0x65, 0x5f, 0x31, 0x38, 0x2f, 0x42, 0x69, 0x61, 0x73, 0x41, 0x64, 0x64, 
  0x00, 0x00, 0x00, 0x00, 0x02, 0x00, 0x00, 0x00, 0x01, 0x00, 0x00, 0x00, 
  0x20, 0x00, 0x00, 0x00, 0x76, 0xff, 0xff, 0xff, 0x00, 0x00, 0x00, 0x01, 
  0x14, 0x00, 0x00, 0x00, 0x34, 0x00, 0x00, 0x00, 0x03, 0x00, 0x00, 0x00, 
  0x00, 0x00, 0x00, 0x02, 0x68, 0x00, 0x00, 0x00, 0x74, 0xfe, 0xff, 0xff, 
  0x08, 0x00, 0x00, 0x00, 0x14, 0x00, 0x00, 0x00, 0x01, 0x00, 0x00, 0x00, 
  0x00, 0x00, 0x00, 0x00, 0x00, 0x00, 0x00, 0x00, 0x00, 0x00, 0x00, 0x00, 
  0x01, 0x00, 0x00, 0x00, 0x9b, 0x31, 0x02, 0x39, 0x39, 0x00, 0x00, 0x00, 
  0x61, 0x6e, 0x6f, 0x6d, 0x61, 0x6c, 0x79, 0x5f, 0x61, 0x75, 0x74, 0x6f, 
  0x65, 0x6e, 0x63, 0x6f, 0x64, 0x65, 0x72, 0x2f, 0x71, 0x75, 0x61, 0x6e, 
  0x74, 0x5f, 0x64, 0x65, 0x6e, 0x73, 0x65, 0x5f, 0x31, 0x38, 0x2f, 0x42, 
  0x69, 0x61, 0x73, 0x41, 0x64, 0x64, 0x2f, 0x52, 0x65, 0x61, 0x64, 0x56, 
  0x61, 0x72, 0x69, 0x61, 0x62, 0x6c, 0x65, 0x4f, 0x70, 0x00, 0x00, 0x00, 
  0x01, 0x00, 0x00, 0x00, 0x20, 0x00, 0x00, 0x00, 0x00, 0x00, 0x16, 0x00, 
  0x1c, 0x00, 0x18, 0x00, 0x17, 0x00, 0x10, 0x00, 0x0c, 0x00, 0x08, 0x00, 
  0x00, 0x00, 0x00, 0x00, 0x00, 0x00, 0x07, 0x00, 0x16, 0x00, 0x00, 0x00, 
  0x00, 0x00, 0x00, 0x01, 0x14, 0x00, 0x00, 0x00, 0x34, 0x00, 0x00, 0x00, 
  0x02, 0x00, 0x00, 0x00, 0x00, 0x00, 0x00, 0x09, 0xa0, 0x00, 0x00, 0x00, 
  0x14, 0xff, 0xff, 0xff, 0x08, 0x00, 0x00, 0x00, 0x14, 0x00, 0x00, 0x00, 
  0x01, 0x00, 0x00, 0x00, 0x00, 0x00, 0x00, 0x00, 0x00, 0x00, 0x00, 0x00, 
  0x00, 0x00, 0x00, 0x00, 0x01, 0x00, 0x00, 0x00, 0x78, 0x08, 0xc8, 0x3a, 
  0x73, 0x00, 0x00, 0x00, 0x61, 0x6e, 0x6f, 0x6d, 0x61, 0x6c, 0x79, 0x5f, 
  0x61, 0x75, 0x74, 0x6f, 0x65, 0x6e, 0x63, 0x6f, 0x64, 0x65, 0x72, 0x2f, 
  0x71, 0x75, 0x61, 0x6e, 0x74, 0x5f, 0x64, 0x65, 0x6e, 0x73, 0x65, 0x5f, 
  0x31, 0x38, 0x2f, 0x4d, 0x61, 0x74, 0x4d, 0x75, 0x6c, 0x3b, 0x61, 0x6e, 
  0x6f, 0x6d, 0x61, 0x6c, 0x79, 0x5f, 0x61, 0x75, 0x74, 0x6f, 0x65, 0x6e, 
  0x63, 0x6f, 0x64, 0x65, 0x72, 0x2f, 0x71, 0x75, 0x61, 0x6e, 0x74, 0x5f, 
  0x64, 0x65, 0x6e, 0x73, 0x65, 0x5f, 0x31, 0x38, 0x2f, 0x4c, 0x61, 0x73, 
  0x74, 0x56, 0x61, 0x6c, 0x75, 0x65, 0x51, 0x75, 0x61, 0x6e, 0x74, 0x2f, 
  0x46, 0x61, 0x6b, 0x65, 0x51, 0x75, 0x61, 0x6e, 0x74, 0x57, 0x69, 0x74, 
  0x68, 0x4d, 0x69, 0x6e, 0x4d, 0x61, 0x78, 0x56, 0x61, 0x72, 0x73, 0x00, 
  0x02, 0x00, 0x00, 0x00, 0x20, 0x00, 0x00, 0x00, 0x2c, 0x01, 0x00, 0x00, 
  0x00, 0x00, 0x16, 0x00, 0x20, 0x00, 0x1c, 0x00, 0x1b, 0x00, 0x14, 0x00, 
  0x10, 0x00, 0x0c, 0x00, 0x00, 0x00, 0x00, 0x00, 0x08, 0x00, 0x07, 0x00, 
  0x16, 0x00, 0x00, 0x00, 0x00, 0x00, 0x00, 0x01, 0x18, 0x00, 0x00, 0x00, 
  0x2c, 0x00, 0x00, 0x00, 0x48, 0x00, 0x00, 0x00, 0x01, 0x00, 0x00, 0x00, 
  0x00, 0x00, 0x00, 0x09, 0x5c, 0x00, 0x00, 0x00, 0x02, 0x00, 0x00, 0x00, 
  0xff, 0xff, 0xff, 0xff, 0x2c, 0x01, 0x00, 0x00, 0x0c, 0x00, 0x0c, 0x00, 
  0x00, 0x00, 0x00, 0x00, 0x08, 0x00, 0x04, 0x00, 0x0c, 0x00, 0x00, 0x00, 
  0x08, 0x00, 0x00, 0x00, 0x10, 0x00, 0x00, 0x00, 0x01, 0x00, 0x00, 0x00, 
  0x12, 0x00, 0x00, 0x00, 0x00, 0x00, 0x00, 0x00, 0x01, 0x00, 0x00, 0x00, 
  0xd7, 0x9e, 0xa6, 0x3d, 0x1a, 0x00, 0x00, 0x00, 0x73, 0x65, 0x72, 0x76, 
  0x69, 0x6e, 0x67, 0x5f, 0x64, 0x65, 0x66, 0x61, 0x75, 0x6c, 0x74, 0x5f, 
  0x69, 0x6e, 0x70, 0x75, 0x74, 0x5f, 0x31, 0x30, 0x3a, 0x30, 0x00, 0x00, 
  0x02, 0x00, 0x00, 0x00, 0x01, 0x00, 0x00, 0x00, 0x2c, 0x01, 0x00, 0x00, 
  0x01, 0x00, 0x00, 0x00, 0x10, 0x00, 0x00, 0x00, 0x0c, 0x00, 0x10, 0x00, 
  0x0f, 0x00, 0x00, 0x00, 0x08, 0x00, 0x04, 0x00, 0x0c, 0x00, 0x00, 0x00, 
  0x09, 0x00, 0x00, 0x00, 0x04, 0x00, 0x00, 0x00, 0x00, 0x00, 0x00, 0x09, 

};
const int g_model_len = 19008;
